TimeSeries ID,t_0_value_core_usage_time_sum_div_scale resource.namespace_name=gke-managed-cim,t_0_value_core_usage_time_sum_div_scale resource.namespace_name=kube-system,t_0_value_core_usage_time_sum_div_scale resource.namespace_name=production,t_0_value_core_usage_time_sum_div_scale resource.namespace_name=gmp-system
resource.namespace_name,gke-managed-cim,kube-system,production,gmp-system
Tue Dec 02 2025 11:34:00 GMT+0530 (India Standard Time),0.6643252705871875,3.8582400043739815,39.683475206836796,159.33988361589033
Tue Dec 02 2025 11:35:00 GMT+0530 (India Standard Time),0.6467706029019675,3.6207523184917796,7.015317420259557,161.194249385552
Tue Dec 02 2025 11:36:00 GMT+0530 (India Standard Time),0.5667232733512102,3.691084483556146,0.6183296597635362,185.4908913794822
Tue Dec 02 2025 11:37:00 GMT+0530 (India Standard Time),0.5795221126015478,3.6529707644696416,0.5540280735537935,158.40503409150682
Tue Dec 02 2025 11:38:00 GMT+0530 (India Standard Time),0.5318174428717195,3.6318022068393843,0.7297497167759149,153.33086220534145
Tue Dec 02 2025 11:39:00 GMT+0530 (India Standard Time),0.5214795007023281,3.5845054314386275,1.6375249508877445,154.06230426284515
Tue Dec 02 2025 11:40:00 GMT+0530 (India Standard Time),0.5578299805704581,3.6562700445015093,1.4227096901920333,159.97105162673068
Tue Dec 02 2025 11:41:00 GMT+0530 (India Standard Time),0.5807749770272024,3.756764823133365,1.8244997120069908,146.48656532573355
Tue Dec 02 2025 11:42:00 GMT+0530 (India Standard Time),0.5482694928065414,3.5458940941314685,1.5968245004358523,165.56657135976175
Tue Dec 02 2025 11:43:00 GMT+0530 (India Standard Time),0.6640074835524017,3.740551801779886,1.5720104325902147,155.49554777307515
Tue Dec 02 2025 11:44:00 GMT+0530 (India Standard Time),0.6018498220991514,3.7156039371979914,1.8422923634520638,150.06788042413262
Tue Dec 02 2025 11:45:00 GMT+0530 (India Standard Time),0.5985475769277052,3.7177730098494317,2.146354841881212,168.12672301933964
Tue Dec 02 2025 11:46:00 GMT+0530 (India Standard Time),0.578376746549468,3.5214106851073868,3.865434325449788,194.4337772837699
Tue Dec 02 2025 11:47:00 GMT+0530 (India Standard Time),0.5515505818611784,3.65961792892087,1.3519610297343796,160.05386022878378
Tue Dec 02 2025 11:48:00 GMT+0530 (India Standard Time),0.5587952362622081,3.490184737206449,1.5536276734500363,152.87455290014884
Tue Dec 02 2025 11:49:00 GMT+0530 (India Standard Time),0.6205753599400616,3.5735602948711636,1.8638720983100832,159.20371013055941
Tue Dec 02 2025 11:50:00 GMT+0530 (India Standard Time),0.6305000732733091,3.6372554330154983,2.953913461953505,155.24663718353767
Tue Dec 02 2025 11:51:00 GMT+0530 (India Standard Time),0.5410224619443182,3.861622685146162,1.9394253314111483,150.0064682638198
Tue Dec 02 2025 11:52:00 GMT+0530 (India Standard Time),0.6154024059369465,4.1093243994279955,1.6825513151480138,151.13907842903194
Tue Dec 02 2025 11:53:00 GMT+0530 (India Standard Time),0.534238687966042,3.8806141998035226,1.5803297195823085,163.72094411422944
Tue Dec 02 2025 11:54:00 GMT+0530 (India Standard Time),0.6000226380390385,3.6396767738238625,1.671772897808662,146.57408159571003
Tue Dec 02 2025 11:55:00 GMT+0530 (India Standard Time),0.5544390698012027,3.466307209366467,1.640781380151727,167.39173210868188
Tue Dec 02 2025 11:56:00 GMT+0530 (India Standard Time),0.5836583013003673,3.590869902339323,1.5276966797978349,192.62772694227058
Tue Dec 02 2025 11:57:00 GMT+0530 (India Standard Time),0.5642351455750381,3.6772644873069096,2.094155902817451,159.9581871768543
Tue Dec 02 2025 11:58:00 GMT+0530 (India Standard Time),0.5141632989436639,3.713327065338616,2.482098306196533,138.2891294181277
Tue Dec 02 2025 11:59:00 GMT+0530 (India Standard Time),0.575809646029789,3.7544259160838154,1.9025455461354324,173.00312528615183
Tue Dec 02 2025 12:00:00 GMT+0530 (India Standard Time),0.7252853990422828,3.970489684830765,1.7925962162921707,167.74345525851965
Tue Dec 02 2025 12:01:00 GMT+0530 (India Standard Time),0.6348230439742196,4.243155332707261,1.9920061629402543,167.45993928217402
Tue Dec 02 2025 12:02:00 GMT+0530 (India Standard Time),0.6240637414587005,4.423116326166744,2.2004859447103695,164.48031415391472
Tue Dec 02 2025 12:03:00 GMT+0530 (India Standard Time),0.5360841421983132,4.073415640938066,2.013419011559645,172.45030981601963
Tue Dec 02 2025 12:04:00 GMT+0530 (India Standard Time),0.7195383731723343,3.935465244659185,1.7595807584860816,157.22585705213802
Tue Dec 02 2025 12:05:00 GMT+0530 (India Standard Time),0.5167496470620395,3.827194890369587,1.7762085810205115,160.5442059839246
Tue Dec 02 2025 12:06:00 GMT+0530 (India Standard Time),0.6206373755478112,4.095944044278412,1.7955195430322055,213.4564144764284
Tue Dec 02 2025 12:07:00 GMT+0530 (India Standard Time),0.8796677086555991,3.9352585298847513,1.3672061615436422,157.9405167557575
Tue Dec 02 2025 12:08:00 GMT+0530 (India Standard Time),0.8029226577181245,3.8043012207622207,2.3801620255967566,136.7723889239954
Tue Dec 02 2025 12:09:00 GMT+0530 (India Standard Time),0.49214371735596335,3.568102852731618,4.95525324899238,170.16213165255468
Tue Dec 02 2025 12:10:00 GMT+0530 (India Standard Time),0.5661601684846915,3.5269447726888954,1.7183202812470852,144.89671137497376
Tue Dec 02 2025 12:11:00 GMT+0530 (India Standard Time),0.6345907017947926,3.653436448769138,1.7164438186586195,169.07778862345702
Tue Dec 02 2025 12:12:00 GMT+0530 (India Standard Time),0.6332799092899932,3.5021550313925136,1.4701564865677155,153.45623904241577
Tue Dec 02 2025 12:13:00 GMT+0530 (India Standard Time),0.4601188654586647,3.6576381914382505,1.5219550797809145,151.8766854579041
Tue Dec 02 2025 12:14:00 GMT+0530 (India Standard Time),0.5796288860338252,3.7327081508020923,1.942370581689086,150.62927152834015
Tue Dec 02 2025 12:15:00 GMT+0530 (India Standard Time),0.7138367911437653,3.6293645089106374,1.7990667922469787,160.73514452590865
Tue Dec 02 2025 12:16:00 GMT+0530 (India Standard Time),0.7546910147768124,3.6422562470485276,2.429048541475674,186.67196103063645
Tue Dec 02 2025 12:17:00 GMT+0530 (India Standard Time),0.6909666136112466,3.658513552012733,4.3213551012815055,158.42167556172905
Tue Dec 02 2025 12:18:00 GMT+0530 (India Standard Time),0.7023386885252445,3.6355146433087753,1.8123384951495185,153.74637097838405
Tue Dec 02 2025 12:19:00 GMT+0530 (India Standard Time),0.5103465502237343,3.5140075260897157,1.6070714324647555,145.48363599124315
Tue Dec 02 2025 12:20:00 GMT+0530 (India Standard Time),0.7261931285601573,3.8618928618835175,2.5288302621210534,167.48050474495315
Tue Dec 02 2025 12:21:00 GMT+0530 (India Standard Time),0.7290490290760202,4.393872932243377,17.99374483948528,149.5316541247203
Tue Dec 02 2025 12:22:00 GMT+0530 (India Standard Time),0.6511809074138282,4.270633491329983,14.09032026336759,174.77493631248478
Tue Dec 02 2025 12:23:00 GMT+0530 (India Standard Time),0.6872220534656698,3.9701420835970898,3.918646935467502,150.54080313030286
Tue Dec 02 2025 12:24:00 GMT+0530 (India Standard Time),0.764691658185009,4.001633174050433,24.486288157905527,165.9972821462695
Tue Dec 02 2025 12:25:00 GMT+0530 (India Standard Time),0.9124713728563024,4.402833068198788,18.67661773355675,169.42172134780725
Tue Dec 02 2025 12:26:00 GMT+0530 (India Standard Time),0.8565954283165564,4.291282425908574,23.413192113130428,213.15377489342288
Tue Dec 02 2025 12:27:00 GMT+0530 (India Standard Time),0.8482169272854488,4.217674971737733,20.6349821898533,142.66220123999307
Tue Dec 02 2025 12:28:00 GMT+0530 (India Standard Time),0.6625353527589245,4.116474995656887,3.098174520622251,167.5596781194202
Tue Dec 02 2025 12:29:00 GMT+0530 (India Standard Time),0.5545179191743235,3.500995106470587,4.7173699408443595,149.1273258483408
Tue Dec 02 2025 12:30:00 GMT+0530 (India Standard Time),0.580203842334409,3.6668567861304546,4.501029735777648,151.73380727095272
Tue Dec 02 2025 12:31:00 GMT+0530 (India Standard Time),0.5844808644760887,3.91073685067442,2.924971932236074,155.3977626481451
Tue Dec 02 2025 12:32:00 GMT+0530 (India Standard Time),0.552066303876402,3.8329779949620555,2.4145390030403,159.44822881703936
Tue Dec 02 2025 12:33:00 GMT+0530 (India Standard Time),0.6688519376399369,3.743426967221095,2.010073141382206,146.21511819143024
Tue Dec 02 2025 12:34:00 GMT+0530 (India Standard Time),0.560131683720809,3.6787741187971323,3.118502856154988,153.27145618207066
Tue Dec 02 2025 12:35:00 GMT+0530 (India Standard Time),0.556310507179747,3.430814312204583,3.5591319506157055,168.66557131505905
Tue Dec 02 2025 12:36:00 GMT+0530 (India Standard Time),0.5022562104452712,3.71156141126452,3.0582470107067694,193.9315034454077
Tue Dec 02 2025 12:37:00 GMT+0530 (India Standard Time),0.6309762549102419,3.648389579889153,3.1768514911701065,157.46165313564333
Tue Dec 02 2025 12:38:00 GMT+0530 (India Standard Time),0.5461108973109627,3.6110211948603212,6.751334805549359,150.34964125346033
Tue Dec 02 2025 12:39:00 GMT+0530 (India Standard Time),0.8119202779666861,3.6130230938948604,8.927482159829257,152.9048639121834
Tue Dec 02 2025 12:40:00 GMT+0530 (India Standard Time),0.6665920001281738,5.0181229664273985,27.636626765924294,201.4354133998146
Tue Dec 02 2025 12:41:00 GMT+0530 (India Standard Time),0.6242283104663315,4.757514132676731,12.219065392983444,208.29893923494853
Tue Dec 02 2025 12:42:00 GMT+0530 (India Standard Time),0.4789140504505137,4.249357736196776,8.538667405037883,164.76860612963088
Tue Dec 02 2025 12:43:00 GMT+0530 (India Standard Time),0.6176822417613546,5.282458094527458,6.659318392007861,217.59548420506994
Tue Dec 02 2025 12:44:00 GMT+0530 (India Standard Time),0.4952230869093409,3.6664065252390827,3.688197992292388,153.36089924710828
Tue Dec 02 2025 12:45:00 GMT+0530 (India Standard Time),0.6276881877499576,3.5855702961627176,3.5458048228841186,180.7111568165073
Tue Dec 02 2025 12:46:00 GMT+0530 (India Standard Time),0.545435141523847,3.6290723410399064,3.465320718639686,203.7143983199919
Tue Dec 02 2025 12:47:00 GMT+0530 (India Standard Time),0.6685372480125221,3.505354407039156,4.3951144287567425,164.40153998424654
Tue Dec 02 2025 12:48:00 GMT+0530 (India Standard Time),0.5546734380263315,3.4704343598830762,7.2455820851772,147.1980760106598
Tue Dec 02 2025 12:49:00 GMT+0530 (India Standard Time),0.6607025306205727,3.4886516261849008,3.357299030463899,155.71288261596567
Tue Dec 02 2025 12:50:00 GMT+0530 (India Standard Time),0.49586970476254605,3.6423260807399793,4.092069297548304,165.72674977690374
Tue Dec 02 2025 12:51:00 GMT+0530 (India Standard Time),0.6387752377312629,3.3960890249825697,6.69828137383071,159.4601248036468
Tue Dec 02 2025 12:52:00 GMT+0530 (India Standard Time),0.5272342506981128,3.3831566472450016,2.2346557213344687,163.49862679601478
Tue Dec 02 2025 12:53:00 GMT+0530 (India Standard Time),0.6713351056302783,3.447373418692911,2.3463458884607946,141.57435147537996
Tue Dec 02 2025 12:54:00 GMT+0530 (India Standard Time),0.7001237186752379,3.5283488799915173,20.173535370061867,153.10081834567774
Tue Dec 02 2025 12:55:00 GMT+0530 (India Standard Time),0.9215760568879747,4.3711904966685,14.622785628221715,156.51907603511012
Tue Dec 02 2025 12:56:00 GMT+0530 (India Standard Time),0.8176686724249655,6.9308366772431516,17.04309725455769,224.09802897566578
Tue Dec 02 2025 12:57:00 GMT+0530 (India Standard Time),0.9679209693223494,3.992745500214496,12.412397454360317,145.81592378384124
Tue Dec 02 2025 12:58:00 GMT+0530 (India Standard Time),0.5305092019607769,3.553715144499761,3.1734149530932587,142.07393857632874
Tue Dec 02 2025 12:59:00 GMT+0530 (India Standard Time),0.6161076730697611,3.4400056308953757,2.7312244609307297,140.88900815494426
Tue Dec 02 2025 13:00:00 GMT+0530 (India Standard Time),0.4611360397343864,3.491994078044563,1.8687943341729227,143.28752752103875
Tue Dec 02 2025 13:01:00 GMT+0530 (India Standard Time),0.6912694670801492,3.453857754242714,1.8466462367925236,151.43284157521174
Tue Dec 02 2025 13:02:00 GMT+0530 (India Standard Time),0.4597402726915319,3.528360802223173,2.201116114287956,134.31853096030196
Tue Dec 02 2025 13:03:00 GMT+0530 (India Standard Time),0.60777479964151,3.3085553152507017,1.6361555109703323,148.1455578810261
Tue Dec 02 2025 13:04:00 GMT+0530 (India Standard Time),0.5502379828706456,3.553391328113221,1.7551390107625826,164.41687172334537
Tue Dec 02 2025 13:05:00 GMT+0530 (India Standard Time),0.6747596625603911,3.9158163982210525,2.8108513115746963,158.79610851754396
Tue Dec 02 2025 13:06:00 GMT+0530 (India Standard Time),0.738936079018398,4.6165944195522615,19.6400841190137,188.4933660704488
Tue Dec 02 2025 13:07:00 GMT+0530 (India Standard Time),0.9615291892673976,4.4907140932222065,18.726830284791436,167.19763030352945
Tue Dec 02 2025 13:08:00 GMT+0530 (India Standard Time),0.5787512687770957,3.654228930823193,4.136314688704075,149.53588071181196
Tue Dec 02 2025 13:09:00 GMT+0530 (India Standard Time),0.7556872441860193,3.5000124908449872,2.1101302759318785,139.0139735274182
Tue Dec 02 2025 13:10:00 GMT+0530 (India Standard Time),0.6573801667203254,3.5579335122124993,2.325722784569486,154.67069144672848
Tue Dec 02 2025 13:11:00 GMT+0530 (India Standard Time),0.6167480265065556,3.4250938825957524,3.4570458101520942,158.80144868925436
Tue Dec 02 2025 13:12:00 GMT+0530 (India Standard Time),0.568767790802968,3.548545408480198,5.045659298171513,145.46012848601035
Tue Dec 02 2025 13:13:00 GMT+0530 (India Standard Time),0.5991487887783089,3.3530303928029768,3.5588885038210325,137.14277196274634
Tue Dec 02 2025 13:14:00 GMT+0530 (India Standard Time),0.5936553946705648,3.637259216234342,2.3782376879679923,144.32456425164256
Tue Dec 02 2025 13:15:00 GMT+0530 (India Standard Time),0.5944414644399751,3.725830571511757,2.281778757286854,155.28885876090635
Tue Dec 02 2025 13:16:00 GMT+0530 (India Standard Time),0.5236007289326106,3.6620601435172437,2.694885214919962,187.3316493619442
Tue Dec 02 2025 13:17:00 GMT+0530 (India Standard Time),0.5486902101921818,4.898643427797945,2.962541179758359,200.4471354032824
Tue Dec 02 2025 13:18:00 GMT+0530 (India Standard Time),0.5486092364035904,4.7481663816773345,2.4613084157553566,223.69623470546708
Tue Dec 02 2025 13:19:00 GMT+0530 (India Standard Time),0.6079103252008881,3.4800914806401004,2.201338237680052,123.84090768361202
Tue Dec 02 2025 13:20:00 GMT+0530 (India Standard Time),0.5345830144159713,3.7635624158495236,3.893382490093185,132.29972361101053
Tue Dec 02 2025 13:21:00 GMT+0530 (India Standard Time),0.6153277816065208,4.35468190020318,11.615898729182069,174.22868458162887
Tue Dec 02 2025 13:22:00 GMT+0530 (India Standard Time),0.5279642161215569,3.5679801509878555,15.169123863554255,163.31408602957828
Tue Dec 02 2025 13:23:00 GMT+0530 (India Standard Time),0.5630831690181446,3.582462286216864,6.278459102932245,154.8633413408049
Tue Dec 02 2025 13:24:00 GMT+0530 (India Standard Time),0.5732240238267889,3.486773383407291,3.1928243159140925,152.79206969428384
Tue Dec 02 2025 13:25:00 GMT+0530 (India Standard Time),0.592071881853598,3.3374706534020153,2.8381309893944153,171.78390122656225
Tue Dec 02 2025 13:26:00 GMT+0530 (India Standard Time),0.5854005253556976,3.461281504338735,3.9173141075083344,203.68844694951594
Tue Dec 02 2025 13:27:00 GMT+0530 (India Standard Time),0.6534683778749298,3.4939240410789107,6.246098044195751,160.19864049186603
Tue Dec 02 2025 13:28:00 GMT+0530 (India Standard Time),0.6773000774347946,3.5007014140502295,6.688158022782861,164.60354474004166
Tue Dec 02 2025 13:29:00 GMT+0530 (India Standard Time),0.6323395505535694,3.53904863524463,8.99243196514309,164.60821922753908
Tue Dec 02 2025 13:30:00 GMT+0530 (India Standard Time),0.5823656094616486,3.39782394638969,6.565770494769133,147.50321059277113
Tue Dec 02 2025 13:31:00 GMT+0530 (India Standard Time),0.622115322384773,3.5661087587688267,8.379145683968318,135.81410241353765
Tue Dec 02 2025 13:32:00 GMT+0530 (India Standard Time),0.5288503184442062,3.5419353535554996,7.303991051595987,172.32012565206702
Tue Dec 02 2025 13:33:00 GMT+0530 (India Standard Time),0.5251134050944292,3.4081725586719234,7.08968568241953,168.1964131905859
Tue Dec 02 2025 13:34:00 GMT+0530 (India Standard Time),0.6186405070477707,3.3928872977770927,5.670879546766717,156.56140600461393
Tue Dec 02 2025 13:35:00 GMT+0530 (India Standard Time),0.6201480923732546,3.5210660846015944,5.422046104319696,170.61824897767295
Tue Dec 02 2025 13:36:00 GMT+0530 (India Standard Time),0.5969512418927807,3.4746641959755644,7.046901714394021,174.01225739688815
Tue Dec 02 2025 13:37:00 GMT+0530 (India Standard Time),0.5989018900571056,3.4632797582180164,7.489388909229216,168.17552411853134
Tue Dec 02 2025 13:38:00 GMT+0530 (India Standard Time),0.5823583097069468,3.4827967271281004,7.789194148371272,155.47705262515535
Tue Dec 02 2025 13:39:00 GMT+0530 (India Standard Time),0.6517452189326857,3.465566620905683,7.605236010819659,155.27116774702674
Tue Dec 02 2025 13:40:00 GMT+0530 (India Standard Time),0.6308810249122311,3.7159292531741985,7.060361757952011,165.43033267560813
Tue Dec 02 2025 13:41:00 GMT+0530 (India Standard Time),0.6510812809418566,3.47075199312978,6.353723209969722,163.93731059200724
Tue Dec 02 2025 13:42:00 GMT+0530 (India Standard Time),0.5667890797081594,3.550250673451907,5.243983187139681,167.3147359433838
Tue Dec 02 2025 13:43:00 GMT+0530 (India Standard Time),0.5967115478414188,3.38679690665388,7.866993637295808,150.26444922163867
Tue Dec 02 2025 13:44:00 GMT+0530 (India Standard Time),0.5026138764455026,3.4277412961629095,9.814829904967795,148.48837972664938
Tue Dec 02 2025 13:45:00 GMT+0530 (India Standard Time),0.5348154612315835,3.4430699416625328,8.07585825223068,173.5382774793124
Tue Dec 02 2025 13:46:00 GMT+0530 (India Standard Time),0.49737694785236886,3.4974231639764946,7.9946292679986195,196.37032933777076
Tue Dec 02 2025 13:47:00 GMT+0530 (India Standard Time),0.6707851148476578,3.5794799192572135,8.469233256554972,157.2418243523693
Tue Dec 02 2025 13:48:00 GMT+0530 (India Standard Time),0.4698578514445607,3.316364159019735,10.606827075914593,172.18276366886562
Tue Dec 02 2025 13:49:00 GMT+0530 (India Standard Time),0.6177359915435318,3.6178932229843497,13.1444284645438,151.90113747096265
Tue Dec 02 2025 13:50:00 GMT+0530 (India Standard Time),0.4710317240660523,3.6133176720655733,9.079333110964564,166.23132164109927
Tue Dec 02 2025 13:51:00 GMT+0530 (India Standard Time),0.6506128450837395,3.666395331228215,11.89432908710468,150.2765048065238
Tue Dec 02 2025 13:52:00 GMT+0530 (India Standard Time),0.4397885241509061,3.7800944994512133,20.153042993163584,160.57211199599794
Tue Dec 02 2025 13:53:00 GMT+0530 (India Standard Time),0.5931548729994183,3.5631593959760948,17.008044641571836,152.521105312148
Tue Dec 02 2025 13:54:00 GMT+0530 (India Standard Time),0.5375905262641728,3.3914549539538075,12.688341484881985,155.91728159961116
Tue Dec 02 2025 13:55:00 GMT+0530 (India Standard Time),0.6694293941757775,3.4022900183885705,8.292650602980519,163.68167924123026
Tue Dec 02 2025 13:56:00 GMT+0530 (India Standard Time),0.5693210763342599,3.3974403034799665,6.161254784653574,194.54617590376375
Tue Dec 02 2025 13:57:00 GMT+0530 (India Standard Time),0.6678065339047783,3.6165612833620306,18.850897003668887,157.4050069921921
Tue Dec 02 2025 13:58:00 GMT+0530 (India Standard Time),0.45400314303672706,3.404930618216204,9.811123737497667,165.7408262278596
Tue Dec 02 2025 13:59:00 GMT+0530 (India Standard Time),0.6392895365463008,3.6106185481999904,6.335871808404807,156.70924010199352
Tue Dec 02 2025 14:00:00 GMT+0530 (India Standard Time),0.5020407600043828,3.4304046220805295,13.312014057507115,156.61790174642672
Tue Dec 02 2025 14:01:00 GMT+0530 (India Standard Time),0.6183642977980763,3.6059923978218333,14.58643540069582,163.85470419532544
Tue Dec 02 2025 14:02:00 GMT+0530 (India Standard Time),0.5357505762336434,3.638902014920473,17.99720876985555,149.77261903628136
Tue Dec 02 2025 14:03:00 GMT+0530 (India Standard Time),0.6777349222767033,3.51509409999924,20.25473101561066,157.67702071984993
Tue Dec 02 2025 14:04:00 GMT+0530 (India Standard Time),0.5254505174586364,3.509959619784834,3.328441006837271,171.4597339263281
Tue Dec 02 2025 14:05:00 GMT+0530 (India Standard Time),0.6982938658374763,3.6961172519655348,2.524772480008517,157.11398493859468
Tue Dec 02 2025 14:06:00 GMT+0530 (India Standard Time),0.6599225940180047,4.065621916224208,3.3985086528213264,214.57160691644899
Tue Dec 02 2025 14:07:00 GMT+0530 (India Standard Time),0.9182242244418874,3.8496099533084394,3.0006197305524296,177.29882139150854
Tue Dec 02 2025 14:08:00 GMT+0530 (India Standard Time),0.49573194060009085,3.979330348833349,4.994681424147901,157.35976502766903
Tue Dec 02 2025 14:09:00 GMT+0530 (India Standard Time),0.6785932043807088,3.6115035146642964,9.077428288037373,160.27154828480016
Tue Dec 02 2025 14:10:00 GMT+0530 (India Standard Time),0.5245828349431693,3.5894803959118753,13.099261875636781,157.55865724781958
Tue Dec 02 2025 14:11:00 GMT+0530 (India Standard Time),0.8014700994752506,3.9481562790243507,43.48057766565306,174.30352806178286
Tue Dec 02 2025 14:12:00 GMT+0530 (India Standard Time),0.8639368359858649,3.952104904338221,101.64692477169675,149.86114769309796
Tue Dec 02 2025 14:13:00 GMT+0530 (India Standard Time),0.9936967330135799,4.867965231133606,134.1023365157494,136.97301895344248
Tue Dec 02 2025 14:14:00 GMT+0530 (India Standard Time),1.0609827654500572,7.563793161503794,130.267583416625,190.22349601634969
Tue Dec 02 2025 14:15:00 GMT+0530 (India Standard Time),0.7355558599733206,4.363370057800715,49.55956313698698,162.31801423961056
Tue Dec 02 2025 14:16:00 GMT+0530 (India Standard Time),0.42232813546342884,4.115707870961148,109.22279897550999,173.10311579944008
Tue Dec 02 2025 14:17:00 GMT+0530 (India Standard Time),0.6311218998448942,4.092824074077391,331.27553571939706,135.13489739648725
Tue Dec 02 2025 14:18:00 GMT+0530 (India Standard Time),0.6489208860968483,4.334648800553552,264.07807265986776,142.41815841814844
Tue Dec 02 2025 14:19:00 GMT+0530 (India Standard Time),0.5703680163684323,4.46655001539141,149.3837076454464,132.45572505457218
Tue Dec 02 2025 14:20:00 GMT+0530 (India Standard Time),0.6666198583563423,4.301099399875707,92.31736191996468,132.41360248751263
Tue Dec 02 2025 14:21:00 GMT+0530 (India Standard Time),0.7397626362506228,4.397167093736928,106.98000410078099,153.02877653548146
Tue Dec 02 2025 14:22:00 GMT+0530 (India Standard Time),0.46919844906793673,4.583147437633606,93.80469093546118,162.05745835400688
Tue Dec 02 2025 14:23:00 GMT+0530 (India Standard Time),0.5823857571420159,4.387002453878558,66.04822772957186,143.49111349745817
Tue Dec 02 2025 14:24:00 GMT+0530 (India Standard Time),0.6338039791471652,4.203979755928434,60.698930222821325,144.94096365059278
Tue Dec 02 2025 14:25:00 GMT+0530 (India Standard Time),0.6092615806377224,4.171402333037172,57.91054384119816,143.08538156557603
Tue Dec 02 2025 14:26:00 GMT+0530 (India Standard Time),0.6945444613435486,4.444158562523939,73.61792306296984,175.9268711466679
Tue Dec 02 2025 14:27:00 GMT+0530 (India Standard Time),0.5980885856952234,4.333571646489891,72.73239340548315,137.7417173303735
Tue Dec 02 2025 14:28:00 GMT+0530 (India Standard Time),0.5250892146156485,4.3266445085967575,60.62178358019855,154.14179462937912
Tue Dec 02 2025 14:29:00 GMT+0530 (India Standard Time),0.4742772127367172,4.5172954471041225,69.14621291906977,138.60732774946837
Tue Dec 02 2025 14:30:00 GMT+0530 (India Standard Time),0.6178043606603477,4.374431751920309,75.92791452069386,159.8962595202682
Tue Dec 02 2025 14:31:00 GMT+0530 (India Standard Time),0.5513538937147984,4.328277676146616,60.993769683913094,132.92964746554705
Tue Dec 02 2025 14:32:00 GMT+0530 (India Standard Time),0.7082396024706485,4.372308614942188,59.89052392984642,144.15202591952087
Tue Dec 02 2025 14:33:00 GMT+0530 (India Standard Time),0.556522481239685,4.436061646421471,75.63559822218511,154.41207156693395
Tue Dec 02 2025 14:34:00 GMT+0530 (India Standard Time),0.6258858928018418,4.6867733200079496,72.4422908339861,149.9677635628118
Tue Dec 02 2025 14:35:00 GMT+0530 (India Standard Time),0.4997526460272859,4.54487371767123,70.57031729372937,164.32756583434454
Tue Dec 02 2025 14:36:00 GMT+0530 (India Standard Time),0.7054830671894784,4.526697402139491,76.77395839530682,179.70560412004784
Tue Dec 02 2025 14:37:00 GMT+0530 (India Standard Time),0.5874325840656606,4.604586135703665,73.89163582844454,151.21751920597885
Tue Dec 02 2025 14:38:00 GMT+0530 (India Standard Time),0.6416470306171383,4.620032118876288,69.89532191830706,150.5555424353455
Tue Dec 02 2025 14:39:00 GMT+0530 (India Standard Time),0.5704679353811786,4.6955622156492645,71.13986896110612,164.30131985733922
Tue Dec 02 2025 14:40:00 GMT+0530 (India Standard Time),0.6801165056039506,4.816565690477695,90.60185144326792,156.00554943857887
Tue Dec 02 2025 14:41:00 GMT+0530 (India Standard Time),0.5775343200839209,4.855589772004423,82.35316360711388,149.1212324759865
Tue Dec 02 2025 14:42:00 GMT+0530 (India Standard Time),0.7147865417502574,4.534379952778741,69.97324746185937,140.39276558661047
Tue Dec 02 2025 14:43:00 GMT+0530 (India Standard Time),0.5544223009354375,4.8399274849612,74.86596938286154,154.9760359368417
Tue Dec 02 2025 14:44:00 GMT+0530 (India Standard Time),0.6367398670328774,5.092504399447548,115.53934276951678,163.4671544095247
Tue Dec 02 2025 14:45:00 GMT+0530 (India Standard Time),0.5589249765788287,4.468848512773349,71.92938413240516,162.23588980767803
Tue Dec 02 2025 14:46:00 GMT+0530 (India Standard Time),0.7320046306905901,4.4232734699941165,58.73105488976861,188.96227411200312
Tue Dec 02 2025 14:47:00 GMT+0530 (India Standard Time),0.5564427961732524,4.4626362554373165,79.29362670769746,148.65456748111146
Tue Dec 02 2025 14:48:00 GMT+0530 (India Standard Time),0.7220986954917213,4.7280565635453415,86.06579353849024,163.07236316954348
Tue Dec 02 2025 14:49:00 GMT+0530 (India Standard Time),0.533773749832488,3.9991949383748047,42.11285991196838,154.27121684368333
Tue Dec 02 2025 14:50:00 GMT+0530 (India Standard Time),0.6300133627302978,3.9930919117032664,29.113881052570257,158.7950471180904
Tue Dec 02 2025 14:51:00 GMT+0530 (India Standard Time),0.48216592652446205,3.855260936663893,14.537257463585679,147.44174390432013
Tue Dec 02 2025 14:52:00 GMT+0530 (India Standard Time),0.6521289283279061,3.8639655166735087,16.71683374039405,155.10397945517892
Tue Dec 02 2025 14:53:00 GMT+0530 (India Standard Time),0.5615759420322266,3.725723210248681,13.090144827538106,155.61783652856164
Tue Dec 02 2025 14:54:00 GMT+0530 (India Standard Time),0.7520754497435018,4.109993309850135,12.607092531563014,161.6771054305583
Tue Dec 02 2025 14:55:00 GMT+0530 (India Standard Time),0.6228287297992037,3.8402862099886304,21.43901413441752,156.58664639450478
Tue Dec 02 2025 14:56:00 GMT+0530 (India Standard Time),0.6286690490801928,3.745685969068629,29.985797689579574,209.7630185679113
Tue Dec 02 2025 14:57:00 GMT+0530 (India Standard Time),0.4706880168111481,3.746219098236292,10.218137862723264,161.31439781101963
Tue Dec 02 2025 14:58:00 GMT+0530 (India Standard Time),0.6017531343745787,3.759068086024625,8.286044064221436,154.80892780830655
Tue Dec 02 2025 14:59:00 GMT+0530 (India Standard Time),0.6247839140086799,3.597847473365251,13.98386016949115,137.1824154402173
Tue Dec 02 2025 15:00:00 GMT+0530 (India Standard Time),0.5247949369964586,3.6698592754213033,4.028897246473176,169.91550669808794
Tue Dec 02 2025 15:01:00 GMT+0530 (India Standard Time),0.681029846628913,3.804899540977882,3.8051105407559342,154.40516095566258
Tue Dec 02 2025 15:02:00 GMT+0530 (India Standard Time),0.7464660076659493,3.951923118931329,4.540675767373592,166.7654952638947
Tue Dec 02 2025 15:03:00 GMT+0530 (India Standard Time),0.5633104248282125,3.809221254536025,8.372969026665926,156.66268932493458
Tue Dec 02 2025 15:04:00 GMT+0530 (India Standard Time),0.6396007462058461,3.6418378225566115,13.06052684928625,152.67370928331695
Tue Dec 02 2025 15:05:00 GMT+0530 (India Standard Time),0.5760120329854068,3.679756120714957,6.559902309591732,163.7368997155114
Tue Dec 02 2025 15:06:00 GMT+0530 (India Standard Time),0.704031685465996,3.9662731737802424,6.1512214224614254,205.5273851346918
Tue Dec 02 2025 15:07:00 GMT+0530 (India Standard Time),0.9055070748111179,3.89684477368948,10.840945883681362,148.5636583086457
Tue Dec 02 2025 15:08:00 GMT+0530 (India Standard Time),0.6049715048903895,3.6962392758761453,5.712089445983127,164.46359721063794
Tue Dec 02 2025 15:09:00 GMT+0530 (India Standard Time),0.6212755765343331,3.585377335850689,5.655512839953506,143.93105366359802
Tue Dec 02 2025 15:10:00 GMT+0530 (India Standard Time),0.5782011591246969,3.569933479310054,4.092478463533927,170.13899934755585
Tue Dec 02 2025 15:11:00 GMT+0530 (India Standard Time),0.6512666388823027,3.7267888426141877,4.437214813409812,146.65861383071493
Tue Dec 02 2025 15:12:00 GMT+0530 (India Standard Time),0.7513683140074753,3.866699895980904,20.857640434676618,144.09472510160296
Tue Dec 02 2025 15:13:00 GMT+0530 (India Standard Time),0.6883011211129165,6.311665583018894,3.9112011270541083,228.73071620328034
Tue Dec 02 2025 15:14:00 GMT+0530 (India Standard Time),0.6961910239994843,4.632612900065797,4.8194594026888895,175.42866186175888
Tue Dec 02 2025 15:15:00 GMT+0530 (India Standard Time),0.6001128355591158,3.7117211208620917,3.9054573110183544,150.96908994840604
Tue Dec 02 2025 15:16:00 GMT+0530 (India Standard Time),0.6698980764944892,4.337326080981444,5.783273691787669,235.193812477097
Tue Dec 02 2025 15:17:00 GMT+0530 (India Standard Time),0.6186599062050001,3.628706572229375,31.66925366435444,145.39597701477567
Tue Dec 02 2025 15:18:00 GMT+0530 (India Standard Time),0.7167268159766794,3.6310763494645006,63.711794936447,147.7782278245401
Tue Dec 02 2025 15:19:00 GMT+0530 (India Standard Time),0.7373745221307632,7.670208195578539,34.007237625555554,199.34225464314056
Tue Dec 02 2025 15:20:00 GMT+0530 (India Standard Time),0.6786446026685146,4.668809649015334,9.001076740009303,175.24446093214138
Tue Dec 02 2025 15:21:00 GMT+0530 (India Standard Time),0.572115143998959,3.627498011281309,2.7773760134851626,149.150253364386
Tue Dec 02 2025 15:22:00 GMT+0530 (India Standard Time),0.613751135929141,3.5177168778098094,3.0910326549370573,151.47510583663748
Tue Dec 02 2025 15:23:00 GMT+0530 (India Standard Time),0.6224613109037401,3.4715220391254853,3.397220588784349,144.74085282159973
Tue Dec 02 2025 15:24:00 GMT+0530 (India Standard Time),0.5908245089231139,3.4721850918838753,3.0978227083431267,138.68912478618077
Tue Dec 02 2025 15:25:00 GMT+0530 (India Standard Time),0.6531360218643932,3.6749700150345723,2.575937194413465,155.87930790728996
Tue Dec 02 2025 15:26:00 GMT+0530 (India Standard Time),0.5967243812981077,3.500873294474413,2.678096824849562,186.4566687814597
Tue Dec 02 2025 15:27:00 GMT+0530 (India Standard Time),0.5024652185345269,3.5383565681803146,3.101124888439827,138.5125275236261
Tue Dec 02 2025 15:28:00 GMT+0530 (India Standard Time),0.5980346432348131,3.5713083118460767,2.97288690171789,156.17996031045496
Tue Dec 02 2025 15:29:00 GMT+0530 (India Standard Time),0.6470403565927314,3.569390708518844,3.996293865459681,141.95101967997596
Tue Dec 02 2025 15:30:00 GMT+0530 (India Standard Time),0.6518885498525452,3.7721296659938814,3.506364753971658,151.49624168103847
Tue Dec 02 2025 15:31:00 GMT+0530 (India Standard Time),0.642199971041838,3.5328015040487304,4.228992673011323,152.88660744558325
Tue Dec 02 2025 15:32:00 GMT+0530 (India Standard Time),0.5504498515661151,3.5716122698643145,4.711784173587778,139.3079580600115
Tue Dec 02 2025 15:33:00 GMT+0530 (India Standard Time),0.5024095027423564,3.3957880071735085,3.401902582373289,142.301200336712
Tue Dec 02 2025 15:34:00 GMT+0530 (India Standard Time),0.6545873153868172,3.4870456580629603,2.4418526256708257,152.7814147489729
Tue Dec 02 2025 15:35:00 GMT+0530 (India Standard Time),0.5416745563254547,3.557492324212038,2.223816388436302,163.3621887207422
Tue Dec 02 2025 15:36:00 GMT+0530 (India Standard Time),0.6279245791567913,3.5282286543043995,22.144321971897043,183.00025700439014
Tue Dec 02 2025 15:37:00 GMT+0530 (India Standard Time),0.5327777630816227,3.3395152676812834,6.342531574428616,146.9778665830558
Tue Dec 02 2025 15:38:00 GMT+0530 (India Standard Time),0.6814992619305407,3.530785333206373,2.516445948029547,143.13591495634023
Tue Dec 02 2025 15:39:00 GMT+0530 (India Standard Time),0.5240397751348301,3.6052174429134274,2.55820782883539,150.2341258445278
Tue Dec 02 2025 15:40:00 GMT+0530 (India Standard Time),0.6586149833857872,3.5236326483430265,15.489638991791818,146.18422145865208
Tue Dec 02 2025 15:41:00 GMT+0530 (India Standard Time),0.7038201786739366,4.796461574566021,2.0529624737708354,157.51348645473306
Tue Dec 02 2025 15:42:00 GMT+0530 (India Standard Time),0.6453260965816454,3.9435806289430984,1.9806901784480124,136.76901797175162
Tue Dec 02 2025 15:43:00 GMT+0530 (India Standard Time),0.4723127167967994,4.179601220492324,2.504179704686017,168.51438835475304
Tue Dec 02 2025 15:44:00 GMT+0530 (India Standard Time),0.6362027664119957,4.798405132276813,2.9833839890350196,214.78089743767748
Tue Dec 02 2025 15:45:00 GMT+0530 (India Standard Time),0.6084669086852688,3.7366984361920483,7.464701981510545,164.0239745966916
Tue Dec 02 2025 15:46:00 GMT+0530 (India Standard Time),0.7519635158628473,3.864782368573961,10.123903421919412,216.23703039005568
Tue Dec 02 2025 15:47:00 GMT+0530 (India Standard Time),0.5740056806305696,3.4788201891171773,2.373792349460763,153.93979666833349
Tue Dec 02 2025 15:48:00 GMT+0530 (India Standard Time),0.6473985192396513,3.593692381728566,2.5303607406318944,169.29114718908454
Tue Dec 02 2025 15:49:00 GMT+0530 (India Standard Time),0.5065924845973391,3.4755854667278387,2.5803181845021825,148.63593043455174
Tue Dec 02 2025 15:50:00 GMT+0530 (India Standard Time),0.6428842991202608,3.559743513524568,2.4048325402715816,166.14011592922563
Tue Dec 02 2025 15:51:00 GMT+0530 (India Standard Time),0.5263283598480403,3.6416340608081104,2.3706835542612414,154.05457004223916
Tue Dec 02 2025 15:52:00 GMT+0530 (India Standard Time),0.6811064590451054,3.5805396735055646,4.428243435767389,174.14429555009184
Tue Dec 02 2025 15:53:00 GMT+0530 (India Standard Time),0.5435946399107601,3.3750083974386427,8.301421962818207,153.0581194717103
Tue Dec 02 2025 15:54:00 GMT+0530 (India Standard Time),0.677707217809743,3.549248213534164,2.6053030292096375,153.02590430380732
Tue Dec 02 2025 15:55:00 GMT+0530 (India Standard Time),0.5024975534876124,3.4452962214827814,2.425611185944962,172.31675910390055
Tue Dec 02 2025 15:56:00 GMT+0530 (India Standard Time),0.6098600062275731,3.6373703016755825,2.1509442609829303,186.6675805762296
Tue Dec 02 2025 15:57:00 GMT+0530 (India Standard Time),0.6179514957947096,3.439141753113284,2.8836895783613032,166.14818074572167
Tue Dec 02 2025 15:58:00 GMT+0530 (India Standard Time),0.564053498498751,3.4409025526726618,2.8442723565167567,162.99142361850429
Tue Dec 02 2025 15:59:00 GMT+0530 (India Standard Time),0.6838663664065271,3.4881825318975666,2.8443448879934468,151.89442045566372
Tue Dec 02 2025 16:00:00 GMT+0530 (India Standard Time),0.662242445846186,3.408357423546831,3.652918438154614,152.96891601172698
Tue Dec 02 2025 16:01:00 GMT+0530 (India Standard Time),0.5104082724912853,3.5580168295296164,3.2804113557559327,166.43540926300406
Tue Dec 02 2025 16:02:00 GMT+0530 (India Standard Time),0.6517083921961048,3.586233358079629,2.610281063312876,168.3661252074808
Tue Dec 02 2025 16:03:00 GMT+0530 (India Standard Time),0.43747121332848676,3.3905297639915335,2.4223540078022356,147.53572998083567
Tue Dec 02 2025 16:04:00 GMT+0530 (India Standard Time),0.5319003457265756,3.4967323983391467,2.248979568889085,160.78250610285775
Tue Dec 02 2025 16:05:00 GMT+0530 (India Standard Time),0.6117858924731919,3.447558423213256,2.35834151424708,173.70698685580575
Tue Dec 02 2025 16:06:00 GMT+0530 (India Standard Time),0.6829537401762573,3.7285293740943324,2.624335441393733,200.16820479572326
Tue Dec 02 2025 16:07:00 GMT+0530 (India Standard Time),0.8359022651550375,3.551668537436719,2.7787547768482095,152.46709546818659
Tue Dec 02 2025 16:08:00 GMT+0530 (India Standard Time),0.5667519909316014,3.5833553509288607,2.245590916967213,168.20865488889268
Tue Dec 02 2025 16:09:00 GMT+0530 (India Standard Time),0.6713451003055773,3.495411892459234,2.323362934375306,167.30507083627225
Tue Dec 02 2025 16:10:00 GMT+0530 (India Standard Time),0.567346991373992,3.4681099847664933,2.3126473438439583,152.95048085363322
Tue Dec 02 2025 16:11:00 GMT+0530 (India Standard Time),0.7466588460877234,3.522979518974013,2.440619669312753,159.28277437789603
Tue Dec 02 2025 16:12:00 GMT+0530 (India Standard Time),0.4884326433589144,3.616928966458581,2.938271054860468,145.721028633718
Tue Dec 02 2025 16:13:00 GMT+0530 (India Standard Time),0.6653260930984042,3.7092590321018823,9.232052111003275,169.52406949009693
Tue Dec 02 2025 16:14:00 GMT+0530 (India Standard Time),0.5834539126848466,3.9348526315699335,2.160913944109727,162.1901935848906
Tue Dec 02 2025 16:15:00 GMT+0530 (India Standard Time),0.8939492568318174,3.5216021679534575,2.7342993222568817,157.58737632929564
Tue Dec 02 2025 16:16:00 GMT+0530 (India Standard Time),0.5079167900180709,3.4029118200845727,2.372860899534529,188.3336614340032
Tue Dec 02 2025 16:17:00 GMT+0530 (India Standard Time),0.6537431736870386,3.5122268133055643,2.487905532319808,168.50873022821983
Tue Dec 02 2025 16:18:00 GMT+0530 (India Standard Time),0.5095126024590697,3.4549104170221763,2.742390847933192,171.5651837537244
Tue Dec 02 2025 16:19:00 GMT+0530 (India Standard Time),0.6428634297233342,3.5642302409648345,9.305937675470064,150.1248096306932
Tue Dec 02 2025 16:20:00 GMT+0530 (India Standard Time),0.5179328971917068,3.6047218675692503,2.4047481193576368,168.3844650370897
Tue Dec 02 2025 16:21:00 GMT+0530 (India Standard Time),0.6482782311797424,3.3188786819997906,2.3332193464860524,152.79439743914395
Tue Dec 02 2025 16:22:00 GMT+0530 (India Standard Time),0.47870306057130896,3.4787021582694493,2.506965212976438,159.3639190343645
Tue Dec 02 2025 16:23:00 GMT+0530 (India Standard Time),0.6438654032338801,3.3735135343739215,2.445308745555047,160.87385570912272
Tue Dec 02 2025 16:24:00 GMT+0530 (India Standard Time),0.5128559182931627,3.363109964804234,2.591063911757149,151.78162487070745
Tue Dec 02 2025 16:25:00 GMT+0530 (India Standard Time),0.7547345532025836,3.589564294412742,2.2056964097858884,155.50675659807004
Tue Dec 02 2025 16:26:00 GMT+0530 (India Standard Time),0.5341546112543241,3.4480653869540085,2.4347919274762626,197.15346943315842
Tue Dec 02 2025 16:27:00 GMT+0530 (India Standard Time),0.6220688653078397,3.485778140131176,2.6828224513470444,167.69481974614558
Tue Dec 02 2025 16:28:00 GMT+0530 (India Standard Time),0.495295548420774,3.3760461653020477,2.277476897801149,164.8595291905529
Tue Dec 02 2025 16:29:00 GMT+0530 (India Standard Time),0.6396523985347222,3.4138282639947914,2.391813567397179,153.5360773392372
Tue Dec 02 2025 16:30:00 GMT+0530 (India Standard Time),0.450435973745551,3.39648059515322,2.2155904176623347,156.6825006585189
Tue Dec 02 2025 16:31:00 GMT+0530 (India Standard Time),0.6389327354505632,3.4016579138265315,2.496668634138718,165.30447535568436
Tue Dec 02 2025 16:32:00 GMT+0530 (India Standard Time),0.5565061385673549,3.1945909164781563,2.486039366395795,155.68208607616853
Tue Dec 02 2025 16:33:00 GMT+0530 (India Standard Time),0.6397355266643436,3.608181046584089,2.430376595590883,152.71462774442833
Tue Dec 02 2025 16:34:00 GMT+0530 (India Standard Time),0.5458556753995236,3.3530418432217997,2.455409559793649,152.18406724557852
Tue Dec 02 2025 16:35:00 GMT+0530 (India Standard Time),0.7028827585707511,3.5592044434342345,2.4195512274515116,178.70230401653538
Tue Dec 02 2025 16:36:00 GMT+0530 (India Standard Time),0.4847192946936727,3.395851964768176,2.400275192332162,188.57542233174357
Tue Dec 02 2025 16:37:00 GMT+0530 (India Standard Time),0.6450155066794251,3.5358533562182535,2.428335128586324,159.42778370925222
Tue Dec 02 2025 16:38:00 GMT+0530 (India Standard Time),0.47841629343813,3.3868793866829408,2.362239273881873,167.2526801424625
Tue Dec 02 2025 16:39:00 GMT+0530 (India Standard Time),0.6507988831994316,3.376722206703596,2.3657733815438426,145.67304659335136
Tue Dec 02 2025 16:40:00 GMT+0530 (India Standard Time),0.47155300300671404,3.4168267135178896,2.125638515306174,167.1083296682435
Tue Dec 02 2025 16:41:00 GMT+0530 (India Standard Time),0.639869580769726,3.4323418730501243,2.2116486799215505,149.0437136810494
Tue Dec 02 2025 16:42:00 GMT+0530 (India Standard Time),0.5134481234831145,3.4819486999286955,2.2412487068175264,158.72407987045682
Tue Dec 02 2025 16:43:00 GMT+0530 (India Standard Time),0.5960472024398707,3.3329669381376372,2.184385942123063,152.84550928733108
Tue Dec 02 2025 16:44:00 GMT+0530 (India Standard Time),0.5259902685758132,3.3210836386625626,2.3278693747149877,140.02631633766615
Tue Dec 02 2025 16:45:00 GMT+0530 (India Standard Time),0.5862751853945138,3.24267200968539,2.254502859389534,160.84460538002364
Tue Dec 02 2025 16:46:00 GMT+0530 (India Standard Time),0.5850402392696672,3.3423967183905856,2.1398689180352095,195.11821054776718
Tue Dec 02 2025 16:47:00 GMT+0530 (India Standard Time),0.5951129865152018,3.285638364567281,5.25648699886773,148.74078979296647
Tue Dec 02 2025 16:48:00 GMT+0530 (India Standard Time),0.5581821127288109,3.46191785164772,19.650417997175353,145.2370488514217
Tue Dec 02 2025 16:49:00 GMT+0530 (India Standard Time),0.7028894848169496,3.329987772343934,20.476761932814856,169.98055094972108
Tue Dec 02 2025 16:50:00 GMT+0530 (India Standard Time),0.5949968874757262,3.3103603249928026,2.371890232609252,157.8472564333983
Tue Dec 02 2025 16:51:00 GMT+0530 (India Standard Time),0.609511294018581,3.4966713479330815,2.719213767537331,153.48257728339
Tue Dec 02 2025 16:52:00 GMT+0530 (India Standard Time),0.5755479003373882,3.6832265938766615,9.326195009179711,158.70996401768852
Tue Dec 02 2025 16:53:00 GMT+0530 (India Standard Time),0.5488530745100691,3.441509440669737,2.5700793056908573,176.81473394519261
Tue Dec 02 2025 16:54:00 GMT+0530 (India Standard Time),0.5679878048286727,3.5197242590734925,2.7139128333414133,163.81426476290594
Tue Dec 02 2025 16:55:00 GMT+0530 (India Standard Time),0.6221267635296475,3.6349789339396943,6.011434131768711,159.55293765947695
Tue Dec 02 2025 16:56:00 GMT+0530 (India Standard Time),0.5752748903144328,3.5148380430784747,11.83172615183447,198.174397178854
Tue Dec 02 2025 16:57:00 GMT+0530 (India Standard Time),0.6673759953701346,3.528090524072723,24.929056959929166,163.90997085793347
Tue Dec 02 2025 16:58:00 GMT+0530 (India Standard Time),0.5543777553018854,3.496022892765358,2.2537806047788993,161.68695715714202
Tue Dec 02 2025 16:59:00 GMT+0530 (India Standard Time),0.5564494463938031,3.464563822507448,2.6790957966531184,133.70304186060895
Tue Dec 02 2025 17:00:00 GMT+0530 (India Standard Time),0.5904378556636087,3.4721886460014626,9.157158861966403,169.01165598670298
Tue Dec 02 2025 17:01:00 GMT+0530 (India Standard Time),0.6007215977800449,3.447509777622268,2.3086841038898536,167.87680448965105
Tue Dec 02 2025 17:02:00 GMT+0530 (India Standard Time),0.6175469577776286,3.586997579657177,2.5641849971155475,162.54581050410232
Tue Dec 02 2025 17:03:00 GMT+0530 (India Standard Time),0.6019607674753091,3.360621721498939,2.4663794281022886,158.10542773526086
Tue Dec 02 2025 17:04:00 GMT+0530 (India Standard Time),0.6103434072810235,3.3681347481714066,2.130878745896434,162.5645067472771
Tue Dec 02 2025 17:05:00 GMT+0530 (India Standard Time),0.5991382545867545,3.424104821246463,2.1196174706002204,137.00037681646074
Tue Dec 02 2025 17:06:00 GMT+0530 (India Standard Time),0.7094354856441103,3.7073884949733364,5.974735431365779,224.46917688871494
Tue Dec 02 2025 17:07:00 GMT+0530 (India Standard Time),0.8706776172150201,3.5754297312515155,17.075167105022125,156.19720782206622
Tue Dec 02 2025 17:08:00 GMT+0530 (India Standard Time),0.5810691468212695,3.3899476489397244,2.2064094874496436,158.0123384118266
Tue Dec 02 2025 17:09:00 GMT+0530 (India Standard Time),0.5817146704549837,3.259903546696489,2.118028159275267,145.57430571941757
Tue Dec 02 2025 17:10:00 GMT+0530 (India Standard Time),0.5121787907417646,3.5352300914369605,2.5730740269081034,155.10284243132065
Tue Dec 02 2025 17:11:00 GMT+0530 (India Standard Time),0.5764601550536568,3.5454034149432956,2.3438986240380943,160.0190313631422
Tue Dec 02 2025 17:12:00 GMT+0530 (India Standard Time),0.5647576614927251,3.4388224806808356,2.6280632042357785,171.02199465313512
Tue Dec 02 2025 17:13:00 GMT+0530 (India Standard Time),0.618605639553905,3.6152228977956518,2.690778444614876,168.93147619857297
Tue Dec 02 2025 17:14:00 GMT+0530 (India Standard Time),0.5412270708571415,3.6846737316671963,2.344461520657107,152.18002170322663
Tue Dec 02 2025 17:15:00 GMT+0530 (India Standard Time),0.5953831419737137,3.680646975156742,2.314867490431044,181.7775248564224
Tue Dec 02 2025 17:16:00 GMT+0530 (India Standard Time),0.5772106949671489,3.449904065444924,2.425029654317695,196.14225768964332
Tue Dec 02 2025 17:17:00 GMT+0530 (India Standard Time),0.7269158213542315,3.6398673403610484,2.600235698504064,157.96289861376223
Tue Dec 02 2025 17:18:00 GMT+0530 (India Standard Time),0.554177359156578,3.3812638464680327,2.1599361833818853,165.24481143081266
Tue Dec 02 2025 17:19:00 GMT+0530 (India Standard Time),0.6377934317373788,3.510924901018986,2.8674314542626966,151.503793951472
Tue Dec 02 2025 17:20:00 GMT+0530 (India Standard Time),0.5113053483358564,3.624568623044243,2.842491375454163,169.3492015434556
Tue Dec 02 2025 17:21:00 GMT+0530 (India Standard Time),0.6428772860048884,3.3995390170239115,2.305758149995118,155.99322089628564
Tue Dec 02 2025 17:22:00 GMT+0530 (India Standard Time),0.5070755357064479,3.328141609771701,2.206607648037665,150.33454197535767
Tue Dec 02 2025 17:23:00 GMT+0530 (India Standard Time),0.5998145484809246,3.5204191730763714,2.556303191811945,162.19618582268438
Tue Dec 02 2025 17:24:00 GMT+0530 (India Standard Time),0.49829078092648393,3.497243673967702,2.21127469623769,152.54822440085144
Tue Dec 02 2025 17:25:00 GMT+0530 (India Standard Time),0.6372109602447532,3.4530947067793374,2.549393885301746,184.6754701639779
Tue Dec 02 2025 17:26:00 GMT+0530 (India Standard Time),0.522465615473859,3.5670295174878146,2.33099413190796,210.26943399894725
Tue Dec 02 2025 17:27:00 GMT+0530 (India Standard Time),0.6460047847532763,3.4433038192989427,2.525701289749761,158.4330431954239
Tue Dec 02 2025 17:28:00 GMT+0530 (India Standard Time),0.45936762131480524,3.39763401316545,2.406270372785014,156.20587204800376
Tue Dec 02 2025 17:29:00 GMT+0530 (India Standard Time),0.6739618137609191,3.3537259135792206,2.244638296102214,164.35204142482323
Tue Dec 02 2025 17:30:00 GMT+0530 (India Standard Time),0.5300005206680911,3.403611586823385,2.355347711639543,162.4366209674722
Tue Dec 02 2025 17:31:00 GMT+0530 (India Standard Time),0.66632460145749,3.506860748775968,2.3131524968774047,145.59072685128035
Tue Dec 02 2025 17:32:00 GMT+0530 (India Standard Time),0.5158575204683488,3.5079075495643117,2.473191547143673,161.97234923028486
Tue Dec 02 2025 17:33:00 GMT+0530 (India Standard Time),0.6203959678413602,3.404117548447356,3.282980793803589,152.2300285885847
Tue Dec 02 2025 17:34:00 GMT+0530 (India Standard Time),0.5244963038616028,3.5419614696658863,20.104932856377925,170.65469043572
Tue Dec 02 2025 17:35:00 GMT+0530 (India Standard Time),0.48463832257722517,2.9962118957566664,20.14848587576523,132.93921786697098