TimeSeries ID,t_0_value_used_bytes_sum_div_scale resource.namespace_name=gke-managed-cim,t_0_value_used_bytes_sum_div_scale resource.namespace_name=kube-system,t_0_value_used_bytes_sum_div_scale resource.namespace_name=production,t_0_value_used_bytes_sum_div_scale resource.namespace_name=gmp-system
resource.namespace_name,gke-managed-cim,kube-system,production,gmp-system
Tue Dec 02 2025 11:34:00 GMT+0530 (India Standard Time),21.595552884615383,50.84515012173137,44.76369222005208,156.416
Tue Dec 02 2025 11:35:00 GMT+0530 (India Standard Time),22.48497596153846,50.55092523004214,44.5831298828125,157.76512
Tue Dec 02 2025 11:36:00 GMT+0530 (India Standard Time),22.48798076923077,50.58757245854436,44.6044921875,196.93055999999999
Tue Dec 02 2025 11:37:00 GMT+0530 (India Standard Time),22.496995192307693,50.659296320041555,44.57753499348958,193.79968
Tue Dec 02 2025 11:38:00 GMT+0530 (India Standard Time),22.51201923076923,50.75470999710626,44.58821614583333,176.2176
Tue Dec 02 2025 11:39:00 GMT+0530 (India Standard Time),22.575120192307693,50.70955537627317,44.62738037109375,177.64864
Tue Dec 02 2025 11:40:00 GMT+0530 (India Standard Time),22.599158653846153,50.14597335509262,44.65179443359375,164.48256
Tue Dec 02 2025 11:41:00 GMT+0530 (India Standard Time),22.599158653846153,50.07071565370415,44.66145833333333,166.24128
Tue Dec 02 2025 11:42:00 GMT+0530 (India Standard Time),22.025240384615387,49.79258936596409,44.36747233072917,163.93472
Tue Dec 02 2025 11:43:00 GMT+0530 (India Standard Time),22.040264423076923,49.96090485115642,44.34051513671875,163.56608
Tue Dec 02 2025 11:44:00 GMT+0530 (India Standard Time),22.322716346153847,49.92805322846336,44.35017903645833,161.94816
Tue Dec 02 2025 11:45:00 GMT+0530 (India Standard Time),22.328725961538463,50.10081873425953,44.36594645182292,160.68608
Tue Dec 02 2025 11:46:00 GMT+0530 (India Standard Time),22.169471153846153,50.01888600196529,44.76318359375,193.73824
Tue Dec 02 2025 11:47:00 GMT+0530 (India Standard Time),22.466947115384617,49.964569574006646,44.78810628255208,188.38272
Tue Dec 02 2025 11:48:00 GMT+0530 (India Standard Time),22.953725961538463,50.02359778848701,44.81709798177083,181.08416
Tue Dec 02 2025 11:49:00 GMT+0530 (India Standard Time),22.986778846153847,49.98904468732776,44.83998616536458,169.99679999999998
Tue Dec 02 2025 11:50:00 GMT+0530 (India Standard Time),22.451923076923077,49.788008462401315,44.85524495442708,164.25727999999998
Tue Dec 02 2025 11:51:00 GMT+0530 (India Standard Time),22.451923076923077,49.823739510190975,44.86033121744792,164.44160000000002
Tue Dec 02 2025 11:52:00 GMT+0530 (India Standard Time),22.923677884615383,49.896248669441796,45.04292805989583,164.77952
Tue Dec 02 2025 11:53:00 GMT+0530 (India Standard Time),23.121995192307693,50.04414641304004,45.05360921223958,165.9008
Tue Dec 02 2025 11:54:00 GMT+0530 (India Standard Time),22.59014423076923,50.08040099266544,45.09938557942708,166.09024
Tue Dec 02 2025 11:55:00 GMT+0530 (India Standard Time),22.593149038461537,49.97543285959837,45.08005777994792,167.50848
Tue Dec 02 2025 11:56:00 GMT+0530 (India Standard Time),22.60516826923077,50.08576719398184,45.09073893229167,227.50464
Tue Dec 02 2025 11:57:00 GMT+0530 (India Standard Time),22.63221153846154,50.14060715377623,45.23111979166667,208.96512
Tue Dec 02 2025 11:58:00 GMT+0530 (India Standard Time),22.854567307692307,50.18340588134846,45.42388916015625,207.43168
Tue Dec 02 2025 11:59:00 GMT+0530 (India Standard Time),22.872596153846153,50.142308632242404,45.43914794921875,188.33151999999998
Tue Dec 02 2025 12:00:00 GMT+0530 (India Standard Time),22.493990384615383,48.9842562115723,45.37455240885417,176.45056
Tue Dec 02 2025 12:01:00 GMT+0530 (India Standard Time),22.89362980769231,49.06291686989314,45.37811279296875,171.904
Tue Dec 02 2025 12:02:00 GMT+0530 (India Standard Time),23.45252403846154,49.321279830833774,45.39388020833333,169.70496
Tue Dec 02 2025 12:03:00 GMT+0530 (India Standard Time),23.45252403846154,49.386197778466276,45.40303548177083,169.00863999999999
Tue Dec 02 2025 12:04:00 GMT+0530 (India Standard Time),22.490985576923077,49.49326003887633,45.43202718098958,169.4336
Tue Dec 02 2025 12:05:00 GMT+0530 (India Standard Time),22.506009615384613,49.53841465970942,45.44779459635417,167.24736000000001
Tue Dec 02 2025 12:06:00 GMT+0530 (India Standard Time),22.989783653846153,49.881066246205165,45.45186360677083,213.39904
Tue Dec 02 2025 12:07:00 GMT+0530 (India Standard Time),22.830528846153847,49.78683051577089,45.45186360677083,207.22944
Tue Dec 02 2025 12:08:00 GMT+0530 (India Standard Time),22.563100961538463,49.92190172939335,45.50984700520833,200.39167999999998
Tue Dec 02 2025 12:09:00 GMT+0530 (India Standard Time),23.47956730769231,49.918498772461,45.76772054036458,172.9536
Tue Dec 02 2025 12:10:00 GMT+0530 (India Standard Time),23.638822115384617,50.05396263496027,45.83587646484375,173.89056
Tue Dec 02 2025 12:11:00 GMT+0530 (India Standard Time),23.692908653846153,50.07987746082969,45.86588541666667,172.40576000000001
Tue Dec 02 2025 12:12:00 GMT+0530 (India Standard Time),22.833533653846153,50.10670846741168,45.87504069010417,168.66816
Tue Dec 02 2025 12:13:00 GMT+0530 (India Standard Time),23.206129807692307,50.21023688793045,45.88114420572917,167.53408000000002
Tue Dec 02 2025 12:14:00 GMT+0530 (India Standard Time),23.209134615384617,50.16154842720607,45.89182535807292,164.82304000000002
Tue Dec 02 2025 12:15:00 GMT+0530 (India Standard Time),23.64483173076923,50.12071294401789,45.90810139973958,167.58272
Tue Dec 02 2025 12:16:00 GMT+0530 (India Standard Time),24.489182692307693,50.157229289561165,46.33382161458333,235.62751999999998
Tue Dec 02 2025 12:17:00 GMT+0530 (India Standard Time),24.681490384615383,50.18641618940401,46.87347412109375,237.79840000000002
Tue Dec 02 2025 12:18:00 GMT+0530 (India Standard Time),24.852764423076923,49.967056350226436,46.89178466796875,224.81408
Tue Dec 02 2025 12:19:00 GMT+0530 (India Standard Time),24.861778846153847,50.0594597192356,46.90093994140625,219.48672
Tue Dec 02 2025 12:20:00 GMT+0530 (India Standard Time),24.876802884615383,50.186285306445065,31.279500325520832,177.56672
Tue Dec 02 2025 12:21:00 GMT+0530 (India Standard Time),23.978365384615387,49.22036906949374,48.47479926215278,178.57536000000002
Tue Dec 02 2025 12:22:00 GMT+0530 (India Standard Time),24.15264423076923,48.493445115560455,49.181365966796875,175.05536
Tue Dec 02 2025 12:23:00 GMT+0530 (India Standard Time),24.747596153846153,47.97344711970576,50.50794813368056,176.72704
Tue Dec 02 2025 12:24:00 GMT+0530 (India Standard Time),25.348557692307693,47.998183998944754,48.552195231119796,173.59104000000002
Tue Dec 02 2025 12:25:00 GMT+0530 (India Standard Time),25.787259615384617,47.98718983039409,51.491495768229164,175.8976
Tue Dec 02 2025 12:26:00 GMT+0530 (India Standard Time),26.138822115384613,48.364001869172256,50.04446847098214,233.98656
Tue Dec 02 2025 12:27:00 GMT+0530 (India Standard Time),26.50841346153846,48.722490293699316,51.080830891927086,221.53472
Tue Dec 02 2025 12:28:00 GMT+0530 (India Standard Time),26.517427884615387,48.86462918710435,49.421793619791664,197.71648
Tue Dec 02 2025 12:29:00 GMT+0530 (India Standard Time),26.03966346153846,48.913841179664466,49.31098090277778,189.81888
Tue Dec 02 2025 12:30:00 GMT+0530 (India Standard Time),26.03966346153846,48.900491117852944,50.054592556423614,182.04160000000002
Tue Dec 02 2025 12:31:00 GMT+0530 (India Standard Time),25.682091346153847,48.30850749458319,50.12580023871528,180.97920000000002
Tue Dec 02 2025 12:32:00 GMT+0530 (India Standard Time),25.685096153846153,47.24848641015652,50.1434326171875,181.2736
Tue Dec 02 2025 12:33:00 GMT+0530 (India Standard Time),25.510817307692307,46.68883087774407,49.70940483940972,176.28928
Tue Dec 02 2025 12:34:00 GMT+0530 (India Standard Time),26.00060096153846,46.67508816705574,50.264485677083336,177.94304
Tue Dec 02 2025 12:35:00 GMT+0530 (India Standard Time),25.53185096153846,46.762125334748504,50.475565592447914,180.79232000000002
Tue Dec 02 2025 12:36:00 GMT+0530 (India Standard Time),25.53185096153846,46.6240438130705,50.571187337239586,229.41696000000002
Tue Dec 02 2025 12:37:00 GMT+0530 (India Standard Time),25.53185096153846,46.74641937967613,50.661214192708336,230.94784
Tue Dec 02 2025 12:38:00 GMT+0530 (India Standard Time),25.53185096153846,46.837121270219114,51.251220703125,207.24736
Tue Dec 02 2025 12:39:00 GMT+0530 (India Standard Time),25.006009615384617,46.84759190693404,51.314798990885414,209.65632
Tue Dec 02 2025 12:40:00 GMT+0530 (India Standard Time),25.546875000000004,47.043131047585156,51.266140407986114,193.59488
Tue Dec 02 2025 12:41:00 GMT+0530 (India Standard Time),25.63701923076923,45.54609176326954,53.532918294270836,182.64831999999998
Tue Dec 02 2025 12:42:00 GMT+0530 (India Standard Time),25.67307692307692,45.5803830985109,54.12750244140625,182.3744
Tue Dec 02 2025 12:43:00 GMT+0530 (India Standard Time),25.688100961538463,46.592663657708854,54.465738932291664,188.72650322580645
Tue Dec 02 2025 12:44:00 GMT+0530 (India Standard Time),25.697115384615383,46.335849133550546,54.620361328125,188.39618064516128
Tue Dec 02 2025 12:45:00 GMT+0530 (India Standard Time),25.721153846153843,46.85626463420647,54.6356201171875,186.0046451612903
Tue Dec 02 2025 12:46:00 GMT+0530 (India Standard Time),25.72716346153846,45.96549818446141,54.633585611979164,234.52572903225808
Tue Dec 02 2025 12:47:00 GMT+0530 (India Standard Time),25.736177884615387,45.89231392310438,54.649861653645836,223.51607741935484
Tue Dec 02 2025 12:48:00 GMT+0530 (India Standard Time),25.736177884615387,45.96913261730532,55.158487955729164,205.06095483870968
Tue Dec 02 2025 12:49:00 GMT+0530 (India Standard Time),25.465745192307693,45.88537546040236,55.170694986979164,209.48397419354842
Tue Dec 02 2025 12:50:00 GMT+0530 (India Standard Time),25.47175480769231,45.84985713942773,55.182902018229164,190.61925161290324
Tue Dec 02 2025 12:51:00 GMT+0530 (India Standard Time),25.297475961538463,45.92205019182733,55.504353841145836,191.40872258064516
Tue Dec 02 2025 12:52:00 GMT+0530 (India Standard Time),25.399639423076927,46.001016505436034,55.50537109375,188.95112258064518
Tue Dec 02 2025 12:53:00 GMT+0530 (India Standard Time),25.438701923076923,46.10971908776768,55.506388346354164,188.47876129032258
Tue Dec 02 2025 12:54:00 GMT+0530 (India Standard Time),25.528846153846153,46.04033446074748,54.97572157118056,188.22771612903227
Tue Dec 02 2025 12:55:00 GMT+0530 (India Standard Time),25.823317307692307,46.369581036107625,54.00212605794271,191.00572903225805
Tue Dec 02 2025 12:56:00 GMT+0530 (India Standard Time),26.14483173076923,49.03831087361308,53.470865885416664,220.63872
Tue Dec 02 2025 12:57:00 GMT+0530 (India Standard Time),26.31310096153846,49.541555850723896,52.821451822916664,224.88832
Tue Dec 02 2025 12:58:00 GMT+0530 (India Standard Time),26.505408653846153,49.755418605626126,51.881917317708336,213.76
Tue Dec 02 2025 12:59:00 GMT+0530 (India Standard Time),26.514423076923077,50.02006394859572,52.448018391927086,209.66144
Tue Dec 02 2025 13:00:00 GMT+0530 (India Standard Time),26.517427884615387,48.824317235751906,52.338663736979164,184.4224
Tue Dec 02 2025 13:01:00 GMT+0530 (India Standard Time),24.122596153846153,48.155767081504294,52.222188313802086,182.39744
Tue Dec 02 2025 13:02:00 GMT+0530 (India Standard Time),24.122596153846153,48.1005344728331,52.237447102864586,181.77536
Tue Dec 02 2025 13:03:00 GMT+0530 (India Standard Time),24.612379807692307,48.249479280102825,52.27203369140625,183.49056
Tue Dec 02 2025 13:04:00 GMT+0530 (India Standard Time),25.147235576923077,47.79636247626468,52.28118896484375,179.12832
Tue Dec 02 2025 13:05:00 GMT+0530 (India Standard Time),25.174278846153847,47.55069516234089,52.37274169921875,179.91168
Tue Dec 02 2025 13:06:00 GMT+0530 (India Standard Time),25.44471153846154,48.27500145709544,39.89003499348958,229.25312
Tue Dec 02 2025 13:07:00 GMT+0530 (India Standard Time),25.799278846153843,48.77628318982221,53.595987955729164,221.70368
Tue Dec 02 2025 13:08:00 GMT+0530 (India Standard Time),25.994591346153843,48.9842562115723,36.83302137586806,204.25727999999998
Tue Dec 02 2025 13:09:00 GMT+0530 (India Standard Time),25.555889423076923,49.024829928842614,55.280558268229164,204.31616
Tue Dec 02 2025 13:10:00 GMT+0530 (India Standard Time),25.655048076923077,48.886093992369936,55.217488606770836,187.06688
Tue Dec 02 2025 13:11:00 GMT+0530 (India Standard Time),25.41766826923077,47.917952745116686,54.99420166015625,184.92672000000002
Tue Dec 02 2025 13:12:00 GMT+0530 (India Standard Time),25.423677884615387,48.02004145308715,55.120340983072914,184.74496
Tue Dec 02 2025 13:13:00 GMT+0530 (India Standard Time),25.552884615384613,48.106162440067365,55.353291829427086,187.08224
Tue Dec 02 2025 13:14:00 GMT+0530 (India Standard Time),25.594951923076927,48.17984954594861,55.352783203125,187.49696
Tue Dec 02 2025 13:15:00 GMT+0530 (India Standard Time),25.267427884615383,47.74845931329392,55.353800455729164,186.05056
Tue Dec 02 2025 13:16:00 GMT+0530 (India Standard Time),25.778245192307693,47.69178699207443,55.360921223958336,247.60575999999998
Tue Dec 02 2025 13:17:00 GMT+0530 (India Standard Time),25.802283653846153,49.105890357764544,55.373636881510414,242.03264
Tue Dec 02 2025 13:18:00 GMT+0530 (India Standard Time),25.80829326923077,44.80490156681217,55.379231770833336,207.49568
Tue Dec 02 2025 13:19:00 GMT+0530 (India Standard Time),24.9609375,43.41690437099381,55.3802490234375,207.64672000000002
Tue Dec 02 2025 13:20:00 GMT+0530 (India Standard Time),25.342548076923077,46.21424926864034,55.38330078125,179.88608
Tue Dec 02 2025 13:21:00 GMT+0530 (India Standard Time),26.06370192307692,47.58898800990142,57.487996419270836,200.26136774193552
Tue Dec 02 2025 13:22:00 GMT+0530 (India Standard Time),26.06370192307692,46.31377661798613,60.30731201171875,201.51329032258064
Tue Dec 02 2025 13:23:00 GMT+0530 (India Standard Time),25.204326923076927,45.80227910947103,60.528055826822914,199.51814193548387
Tue Dec 02 2025 13:24:00 GMT+0530 (India Standard Time),25.78125,45.61394940755905,60.62774658203125,197.61548387096775
Tue Dec 02 2025 13:25:00 GMT+0530 (India Standard Time),25.483774038461537,45.71125308688024,60.654703776041664,198.144
Tue Dec 02 2025 13:26:00 GMT+0530 (India Standard Time),25.483774038461537,46.18835499839057,60.6903076171875,248.20769032258062
Tue Dec 02 2025 13:27:00 GMT+0530 (India Standard Time),25.50480769230769,46.3751978868664,60.903422037760414,228.4015483870968
Tue Dec 02 2025 13:28:00 GMT+0530 (India Standard Time),27.542067307692307,46.064453878711646,61.199951171875,223.08005161290322
Tue Dec 02 2025 13:29:00 GMT+0530 (India Standard Time),27.578124999999996,45.98780038600361,62.09716796875,207.4624
Tue Dec 02 2025 13:30:00 GMT+0530 (India Standard Time),27.584134615384613,45.862742855874345,62.317911783854164,210.63349677419353
Tue Dec 02 2025 13:31:00 GMT+0530 (India Standard Time),27.938701923076927,45.981522729273216,63.418070475260414,206.269935483871
Tue Dec 02 2025 13:32:00 GMT+0530 (India Standard Time),27.947716346153843,46.20883998351083,64.71455891927084,205.26905806451614
Tue Dec 02 2025 13:33:00 GMT+0530 (India Standard Time),28.03786057692308,46.25030555823004,64.88189697265625,206.01228387096774
Tue Dec 02 2025 13:34:00 GMT+0530 (India Standard Time),28.09795673076923,46.276902998587786,64.52484130859375,204.20872258064517
Tue Dec 02 2025 13:35:00 GMT+0530 (India Standard Time),27.47596153846154,46.322003006150915,64.73592122395834,200.89889032258066
Tue Dec 02 2025 13:36:00 GMT+0530 (India Standard Time),28.01983173076923,46.3687550286431,65.05686442057291,259.5641806451613
Tue Dec 02 2025 13:37:00 GMT+0530 (India Standard Time),28.3203125,46.1606011475825,65.43019612630209,261.21909677419353
Tue Dec 02 2025 13:38:00 GMT+0530 (India Standard Time),28.326322115384617,46.00696375918062,65.74910481770834,251.7883870967742
Tue Dec 02 2025 13:39:00 GMT+0530 (India Standard Time),27.4609375,46.16423558042641,65.8721923828125,237.25089032258063
Tue Dec 02 2025 13:40:00 GMT+0530 (India Standard Time),27.95372596153846,46.14953264755785,66.082763671875,204.37388387096775
Tue Dec 02 2025 13:41:00 GMT+0530 (India Standard Time),27.86658653846154,46.077835199636965,65.30710856119791,203.48861935483873
Tue Dec 02 2025 13:42:00 GMT+0530 (India Standard Time),27.86658653846154,46.31390813299856,65.96730550130209,200.71390967741937
Tue Dec 02 2025 13:43:00 GMT+0530 (India Standard Time),28.38341346153846,46.3561997151823,66.2445068359375,200.06647741935484
Tue Dec 02 2025 13:44:00 GMT+0530 (India Standard Time),28.389423076923077,46.18372935658923,67.68086751302084,196.79628387096776
Tue Dec 02 2025 13:45:00 GMT+0530 (India Standard Time),28.3984375,46.21776086412771,68.21848551432291,196.93832258064518
Tue Dec 02 2025 13:46:00 GMT+0530 (India Standard Time),28.3984375,46.4128638272488,68.93259684244791,250.9559741935484
Tue Dec 02 2025 13:47:00 GMT+0530 (India Standard Time),28.40144230769231,46.47993563336833,69.55057779947916,247.07798709677417
Tue Dec 02 2025 13:48:00 GMT+0530 (India Standard Time),28.40144230769231,46.39832609587314,70.71126302083334,228.08443870967744
Tue Dec 02 2025 13:49:00 GMT+0530 (India Standard Time),28.40144230769231,46.50488105879702,70.46254475911459,213.77486451612904
Tue Dec 02 2025 13:50:00 GMT+0530 (India Standard Time),28.40144230769231,46.65967485764923,70.25655110677084,206.23360000000002
Tue Dec 02 2025 13:51:00 GMT+0530 (India Standard Time),28.305288461538463,46.92746647764863,71.47267659505209,202.1210838709677
Tue Dec 02 2025 13:52:00 GMT+0530 (India Standard Time),28.305288461538463,47.207813411108816,71.84549967447916,202.7982451612903
Tue Dec 02 2025 13:53:00 GMT+0530 (India Standard Time),27.56310096153846,47.09712841086231,70.64056396484375,202.2466064516129
Tue Dec 02 2025 13:54:00 GMT+0530 (India Standard Time),27.749399038461537,47.111666142237965,71.04746500651041,201.84691612903225
Tue Dec 02 2025 13:55:00 GMT+0530 (India Standard Time),27.8125,46.99486868675397,69.82472737630209,202.50756129032257
Tue Dec 02 2025 13:56:00 GMT+0530 (India Standard Time),28.377403846153847,46.9740532986479,69.83388264973959,266.28294193548385
Tue Dec 02 2025 13:57:00 GMT+0530 (India Standard Time),28.560697115384613,47.095972000411976,70.99456787109375,260.7863741935484
Tue Dec 02 2025 13:58:00 GMT+0530 (India Standard Time),28.563701923076923,46.70642688014141,71.12528483072916,254.42105806451613
Tue Dec 02 2025 13:59:00 GMT+0530 (India Standard Time),27.65324519230769,46.55972795444156,71.13087972005209,244.99695483870968
Tue Dec 02 2025 14:00:00 GMT+0530 (India Standard Time),27.686298076923077,46.71303493985762,71.1517333984375,207.35669677419355
Tue Dec 02 2025 14:01:00 GMT+0530 (India Standard Time),27.64423076923077,46.853125805841266,71.16597493489584,206.4945548387097
Tue Dec 02 2025 14:02:00 GMT+0530 (India Standard Time),28.134014423076927,46.8731151864828,67.46114095052084,205.80748387096773
Tue Dec 02 2025 14:03:00 GMT+0530 (India Standard Time),28.65985576923077,45.55612888504222,65.23539225260416,203.8982193548387
Tue Dec 02 2025 14:04:00 GMT+0530 (India Standard Time),28.665865384615387,45.66714428827454,65.20334879557291,202.44810322580645
Tue Dec 02 2025 14:05:00 GMT+0530 (India Standard Time),27.809495192307693,45.61642742995263,65.1885986328125,202.9766193548387
Tue Dec 02 2025 14:06:00 GMT+0530 (India Standard Time),28.2421875,45.80839156470852,65.22420247395834,258.7482838709677
Tue Dec 02 2025 14:07:00 GMT+0530 (India Standard Time),28.04387019230769,45.87612417679967,65.22420247395834,243.89367741935484
Tue Dec 02 2025 14:08:00 GMT+0530 (India Standard Time),28.040865384615383,46.08312164740994,65.2374267578125,227.49646451612904
Tue Dec 02 2025 14:09:00 GMT+0530 (India Standard Time),28.052884615384617,46.13499491618218,51.86920166015625,224.20314838709677
Tue Dec 02 2025 14:10:00 GMT+0530 (India Standard Time),28.064903846153843,46.21594364770576,60.16998291015625,209.16356129032258
Tue Dec 02 2025 14:11:00 GMT+0530 (India Standard Time),28.07391826923077,46.45449460346092,55.7464599609375,202.63308387096774
Tue Dec 02 2025 14:12:00 GMT+0530 (India Standard Time),28.125,46.6933759622019,55.53758409288194,204.33094193548388
Tue Dec 02 2025 14:13:00 GMT+0530 (India Standard Time),28.740985576923077,46.433161537936755,56.244235568576386,205.30539354838712
Tue Dec 02 2025 14:14:00 GMT+0530 (India Standard Time),29.035456730769234,49.64861811113395,55.55074055989583,182.6688
Tue Dec 02 2025 14:15:00 GMT+0530 (India Standard Time),29.672475961538463,49.95881072381344,55.7257080078125,184.58112
Tue Dec 02 2025 14:16:00 GMT+0530 (India Standard Time),29.675480769230766,50.09623783069676,55.326131184895836,234.1504
Tue Dec 02 2025 14:17:00 GMT+0530 (India Standard Time),29.690504807692307,50.217958982507696,55.738321940104164,232.07936
Tue Dec 02 2025 14:18:00 GMT+0530 (India Standard Time),28.981370192307693,50.1379894945975,52.635904947916664,229.0944
Tue Dec 02 2025 14:19:00 GMT+0530 (India Standard Time),28.981370192307693,50.20840452650533,55.46915690104167,220.49536
Tue Dec 02 2025 14:20:00 GMT+0530 (India Standard Time),28.981370192307693,50.30185495918599,55.705159505208336,194.22208
Tue Dec 02 2025 14:21:00 GMT+0530 (India Standard Time),28.84314903846154,50.40891721959604,56.42354329427083,192.94976
Tue Dec 02 2025 14:22:00 GMT+0530 (India Standard Time),28.84314903846154,50.176207318606956,55.15116373697917,194.12992
Tue Dec 02 2025 14:23:00 GMT+0530 (India Standard Time),28.84314903846154,49.806593842570294,55.177408854166664,194.37568000000002
Tue Dec 02 2025 14:24:00 GMT+0530 (India Standard Time),28.849158653846153,49.85515142033574,54.862467447916664,195.008
Tue Dec 02 2025 14:25:00 GMT+0530 (India Standard Time),28.85216346153846,49.814577703065424,55.03356933593751,197.24032
Tue Dec 02 2025 14:26:00 GMT+0530 (India Standard Time),28.094951923076923,49.80371441747369,53.02998860677083,237.45792
Tue Dec 02 2025 14:27:00 GMT+0530 (India Standard Time),28.707932692307693,49.930670887642094,49.9798583984375,229.60384
Tue Dec 02 2025 14:28:00 GMT+0530 (India Standard Time),28.719951923076927,49.751230350940155,56.003824869791664,224.84992
Tue Dec 02 2025 14:29:00 GMT+0530 (India Standard Time),28.722956730769234,49.7363096936214,55.357869466145836,214.44863999999998
Tue Dec 02 2025 14:30:00 GMT+0530 (India Standard Time),28.725961538461537,49.821514499889055,54.51314290364583,208.15104
Tue Dec 02 2025 14:31:00 GMT+0530 (India Standard Time),28.725961538461537,49.93472825936912,54.683430989583336,208.16384000000002
Tue Dec 02 2025 14:32:00 GMT+0530 (India Standard Time),28.731971153846153,49.929754706929536,51.30900065104167,203.19744000000003
Tue Dec 02 2025 14:33:00 GMT+0530 (India Standard Time),28.73798076923077,49.58592517380337,54.512125651041664,197.96735999999999
Tue Dec 02 2025 14:34:00 GMT+0530 (India Standard Time),28.840144230769234,49.75869067959954,51.28824869791667,195.48416
Tue Dec 02 2025 14:35:00 GMT+0530 (India Standard Time),28.846153846153843,49.91404875185716,54.5623779296875,196.41088
Tue Dec 02 2025 14:36:00 GMT+0530 (India Standard Time),28.753004807692307,49.881066246205165,52.257486979166664,262.53312
Tue Dec 02 2025 14:37:00 GMT+0530 (India Standard Time),28.76201923076923,49.757905381845916,54.536336263020836,258.4576
Tue Dec 02 2025 14:38:00 GMT+0530 (India Standard Time),27.944711538461537,49.69468891267959,54.42525227864583,247.44959999999998
Tue Dec 02 2025 14:39:00 GMT+0530 (India Standard Time),28.38341346153846,49.85017786789615,54.05232747395833,225.0752
Tue Dec 02 2025 14:40:00 GMT+0530 (India Standard Time),28.203125,49.94598419383766,52.912394205729164,201.47968
Tue Dec 02 2025 14:41:00 GMT+0530 (India Standard Time),28.203125,49.98014464612009,54.40327962239583,201.94304
Tue Dec 02 2025 14:42:00 GMT+0530 (India Standard Time),28.218149038461537,50.05631852822112,54.45536295572917,202.3424
Tue Dec 02 2025 14:43:00 GMT+0530 (India Standard Time),28.707932692307693,49.07482721915636,53.91520182291667,201.48991999999998
Tue Dec 02 2025 14:44:00 GMT+0530 (India Standard Time),28.713942307692307,49.20636459288754,54.95849609375,200.89343999999997
Tue Dec 02 2025 14:45:00 GMT+0530 (India Standard Time),28.719951923076927,49.158723195834646,55.037841796875,201.26976000000002
Tue Dec 02 2025 14:46:00 GMT+0530 (India Standard Time),27.959735576923077,49.240655928128895,55.14506022135417,241.54111999999998
Tue Dec 02 2025 14:47:00 GMT+0530 (India Standard Time),28.001802884615383,49.308976832693745,54.96704101562499,229.72160000000002
Tue Dec 02 2025 14:48:00 GMT+0530 (India Standard Time),28.335336538461537,49.28947527181221,54.508463541666664,219.06431999999998
Tue Dec 02 2025 14:49:00 GMT+0530 (India Standard Time),28.82512019230769,49.360282952596854,54.805501302083336,220.94848
Tue Dec 02 2025 14:50:00 GMT+0530 (India Standard Time),28.82512019230769,49.42677149573659,54.85046386718751,205.35040000000004
Tue Dec 02 2025 14:51:00 GMT+0530 (India Standard Time),28.82512019230769,49.347979954456825,54.863077799479164,207.08608
Tue Dec 02 2025 14:52:00 GMT+0530 (India Standard Time),28.82512019230769,49.33947256212595,54.747721354166664,199.37536
Tue Dec 02 2025 14:53:00 GMT+0530 (India Standard Time),29.032451923076923,49.36329326065239,54.79390462239583,199.79008
Tue Dec 02 2025 14:54:00 GMT+0530 (India Standard Time),29.116586538461537,48.5384688534346,54.789021809895836,198.208
Tue Dec 02 2025 14:55:00 GMT+0530 (India Standard Time),29.15564903846154,48.443971357082454,54.98530069986979,198.3744
Tue Dec 02 2025 14:56:00 GMT+0530 (India Standard Time),29.263822115384613,48.36203862478821,54.78973388671875,247.30624
Tue Dec 02 2025 14:57:00 GMT+0530 (India Standard Time),29.287860576923073,48.382979898218046,54.683430989583336,232.94464000000002
Tue Dec 02 2025 14:58:00 GMT+0530 (India Standard Time),28.93028846153846,48.30209422959529,54.749552408854164,223.20639999999997
Tue Dec 02 2025 14:59:00 GMT+0530 (India Standard Time),28.963341346153847,48.37067690007802,54.28187052408854,222.35392
Tue Dec 02 2025 15:00:00 GMT+0530 (India Standard Time),28.963341346153847,48.56438367930403,54.33527628580729,205.8752
Tue Dec 02 2025 15:01:00 GMT+0530 (India Standard Time),28.963341346153847,48.35025915848393,54.303995768229164,206.86592
Tue Dec 02 2025 15:02:00 GMT+0530 (India Standard Time),28.96935096153846,48.364525401008,53.79486083984375,206.53823999999997
Tue Dec 02 2025 15:03:00 GMT+0530 (India Standard Time),28.96935096153846,48.36858277273504,54.651896158854164,207.14495999999997
Tue Dec 02 2025 15:04:00 GMT+0530 (India Standard Time),28.96935096153846,48.518443760717325,54.877048068576386,206.41024
Tue Dec 02 2025 15:05:00 GMT+0530 (India Standard Time),28.96935096153846,48.56281308379679,54.9163818359375,207.61856
Tue Dec 02 2025 15:06:00 GMT+0530 (India Standard Time),28.689903846153847,48.58283817651407,54.92180718315972,255.47776
Tue Dec 02 2025 15:07:00 GMT+0530 (India Standard Time),29.251802884615387,48.61909275613949,54.70106336805556,251.28704000000002
Tue Dec 02 2025 15:08:00 GMT+0530 (India Standard Time),29.071514423076923,48.71817115605441,54.741414388020836,236.76672000000002
Tue Dec 02 2025 15:09:00 GMT+0530 (India Standard Time),29.071514423076923,48.63270458386888,54.746500651041664,227.648
Tue Dec 02 2025 15:10:00 GMT+0530 (India Standard Time),28.440504807692307,48.971691447514395,54.80482313368056,208.75263999999999
Tue Dec 02 2025 15:11:00 GMT+0530 (India Standard Time),28.440504807692307,48.6804768638807,54.816012912326386,205.16096
Tue Dec 02 2025 15:12:00 GMT+0530 (India Standard Time),28.674879807692307,47.998838413739435,54.091644287109375,203.20768
Tue Dec 02 2025 15:13:00 GMT+0530 (India Standard Time),28.828125,47.653546966630906,53.3660888671875,204.06271999999998
Tue Dec 02 2025 15:14:00 GMT+0530 (India Standard Time),28.981370192307693,50.92865344953286,53.93303765190972,211.29728
Tue Dec 02 2025 15:15:00 GMT+0530 (India Standard Time),29.01442307692308,51.2809903749899,53.963894314236114,216.4864
Tue Dec 02 2025 15:16:00 GMT+0530 (India Standard Time),28.236177884615383,49.0953969188601,53.93507215711806,265.5562322580645
Tue Dec 02 2025 15:17:00 GMT+0530 (India Standard Time),28.840144230769234,48.95893399416619,55.164591471354164,255.2303483870968
Tue Dec 02 2025 15:18:00 GMT+0530 (India Standard Time),28.716947115384617,49.012144116619865,56.413777669270836,248.32990967741938
Tue Dec 02 2025 15:19:00 GMT+0530 (India Standard Time),28.82512019230769,49.26308518434293,56.48430718315972,222.53832258064517
Tue Dec 02 2025 15:20:00 GMT+0530 (India Standard Time),29.140624999999996,51.35480836383009,54.8455810546875,185.9712
Tue Dec 02 2025 15:21:00 GMT+0530 (India Standard Time),29.27283653846154,51.58791091369598,54.91007486979167,195.59168
Tue Dec 02 2025 15:22:00 GMT+0530 (India Standard Time),29.158653846153847,51.25782409125814,54.927775065104164,196.70783999999998
Tue Dec 02 2025 15:23:00 GMT+0530 (India Standard Time),29.356971153846157,51.461870624240134,54.92513020833333,197.90592
Tue Dec 02 2025 15:24:00 GMT+0530 (India Standard Time),29.086538461538463,51.41174245096746,54.8406982421875,197.84704
Tue Dec 02 2025 15:25:00 GMT+0530 (India Standard Time),29.089543269230766,51.530584177681796,54.8681640625,201.29024
Tue Dec 02 2025 15:26:00 GMT+0530 (India Standard Time),29.19170673076923,51.584115307886826,54.44620768229167,239.56992000000002
Tue Dec 02 2025 15:27:00 GMT+0530 (India Standard Time),29.19170673076923,51.72272036140056,55.48578898111979,240.97536000000002
Tue Dec 02 2025 15:28:00 GMT+0530 (India Standard Time),28.23016826923077,51.63594495962568,55.498250325520836,230.40767999999997
Tue Dec 02 2025 15:29:00 GMT+0530 (India Standard Time),28.771033653846157,51.060452589181914,55.505879720052086,218.12223999999998
Tue Dec 02 2025 15:30:00 GMT+0530 (India Standard Time),29.284855769230766,49.74782739400781,55.51020304361979,203.93216
Tue Dec 02 2025 15:31:00 GMT+0530 (India Standard Time),29.356971153846157,49.8109129802152,55.6884765625,198.44096
Tue Dec 02 2025 15:32:00 GMT+0530 (India Standard Time),29.21574519230769,50.009200663003995,55.710856119791664,195.94495999999998
Tue Dec 02 2025 15:33:00 GMT+0530 (India Standard Time),29.21875,49.89886632862052,55.7159423828125,196.27776
Tue Dec 02 2025 15:34:00 GMT+0530 (India Standard Time),28.365384615384613,49.92046201684504,55.71763780381944,196.96640000000002
Tue Dec 02 2025 15:35:00 GMT+0530 (India Standard Time),28.954326923076923,50.04440817895791,55.716959635416664,197.73184
Tue Dec 02 2025 15:36:00 GMT+0530 (India Standard Time),28.704927884615383,50.05396263496027,55.72509765625,255.12959999999998
Tue Dec 02 2025 15:37:00 GMT+0530 (India Standard Time),28.704927884615383,50.10435257415082,56.274753146701386,255.29088
Tue Dec 02 2025 15:38:00 GMT+0530 (India Standard Time),29.236778846153843,50.13092181481493,56.28289116753472,254.07744000000002
Tue Dec 02 2025 15:39:00 GMT+0530 (India Standard Time),29.254807692307693,49.73539351290884,56.3385009765625,245.86239999999998
Tue Dec 02 2025 15:40:00 GMT+0530 (India Standard Time),28.25721153846154,49.679768255360834,55.68720499674479,215.73376
Tue Dec 02 2025 15:41:00 GMT+0530 (India Standard Time),28.389423076923077,49.52582801424732,56.044769287109375,207.21151999999998
Tue Dec 02 2025 15:42:00 GMT+0530 (India Standard Time),28.939302884615387,48.117831567230816,55.513509114583336,188.6396081632653
Tue Dec 02 2025 15:43:00 GMT+0530 (India Standard Time),28.945312499999996,45.24885656352476,56.55280219184028,198.48703999999998
Tue Dec 02 2025 15:44:00 GMT+0530 (India Standard Time),28.323317307692307,47.77056264523794,56.679280598958336,219.91886451612905
Tue Dec 02 2025 15:45:00 GMT+0530 (India Standard Time),28.90625,47.78973512226104,56.67860243055556,220.09393548387095
Tue Dec 02 2025 15:46:00 GMT+0530 (India Standard Time),29.24579326923077,47.917353823136835,55.98381890190972,256.28407741935484
Tue Dec 02 2025 15:47:00 GMT+0530 (India Standard Time),29.24579326923077,47.71233877044143,56.00111219618056,265.0970838709677
Tue Dec 02 2025 15:48:00 GMT+0530 (India Standard Time),29.251802884615387,47.665091143470526,56.01331922743056,240.71267096774193
Tue Dec 02 2025 15:49:00 GMT+0530 (India Standard Time),29.248798076923077,47.675829240509366,56.02552625868056,239.93971612903223
Tue Dec 02 2025 15:50:00 GMT+0530 (India Standard Time),29.248798076923077,47.87423623348857,56.024509006076386,223.5127741935484
Tue Dec 02 2025 15:51:00 GMT+0530 (India Standard Time),29.251802884615387,47.93453477839898,56.03468153211806,223.62838709677416
Tue Dec 02 2025 15:52:00 GMT+0530 (India Standard Time),29.110576923076927,47.85061242000312,56.042141384548614,221.2797935483871
Tue Dec 02 2025 15:53:00 GMT+0530 (India Standard Time),29.107572115384617,47.73777980034883,55.736287434895836,221.28970322580645
Tue Dec 02 2025 15:54:00 GMT+0530 (India Standard Time),29.107572115384617,47.60892263588274,55.74578179253472,217.93692903225806
Tue Dec 02 2025 15:55:00 GMT+0530 (India Standard Time),29.107572115384617,47.5286347103308,55.774264865451386,219.05011612903226
Tue Dec 02 2025 15:56:00 GMT+0530 (India Standard Time),29.119591346153843,47.59570651645033,55.7586669921875,282.02281290322577
Tue Dec 02 2025 15:57:00 GMT+0530 (India Standard Time),29.119591346153843,47.81426809156396,55.767822265625,276.18931612903225
Tue Dec 02 2025 15:58:00 GMT+0530 (India Standard Time),29.122596153846153,47.859037696141286,55.940755208333336,269.7744516129032
Tue Dec 02 2025 15:59:00 GMT+0530 (India Standard Time),29.12560096153846,48.01151867409282,55.96245659722222,261.1332129032258
Tue Dec 02 2025 16:00:00 GMT+0530 (India Standard Time),29.12560096153846,47.824180181138274,55.972629123263886,223.3410064516129
Tue Dec 02 2025 16:01:00 GMT+0530 (India Standard Time),29.12560096153846,47.76900288250792,55.98517523871528,220.40443870967744
Tue Dec 02 2025 16:02:00 GMT+0530 (India Standard Time),29.21574519230769,48.05595787568433,55.98619249131944,220.27891612903227
Tue Dec 02 2025 16:03:00 GMT+0530 (India Standard Time),29.21875,48.08404212947821,56.017049153645836,219.0005677419355
Tue Dec 02 2025 16:04:00 GMT+0530 (India Standard Time),29.21875,48.143845069909915,56.035359700520836,220.1203612903226
Tue Dec 02 2025 16:05:00 GMT+0530 (India Standard Time),29.21875,48.01977874873808,56.04112413194444,218.39277419354838
Tue Dec 02 2025 16:06:00 GMT+0530 (India Standard Time),29.21875,48.036298898028605,56.078084309895836,271.7068387096774
Tue Dec 02 2025 16:07:00 GMT+0530 (India Standard Time),28.37439903846154,47.98971207702933,56.08350965711806,248.2440258064516
Tue Dec 02 2025 16:08:00 GMT+0530 (India Standard Time),28.377403846153847,47.98525163672088,56.09130859375,242.0273548387097
Tue Dec 02 2025 16:09:00 GMT+0530 (India Standard Time),28.43449519230769,48.021430763667134,56.05299207899306,243.12402580645164
Tue Dec 02 2025 16:10:00 GMT+0530 (India Standard Time),29.03846153846154,47.979965188947915,56.04926215277778,224.59623225806453
Tue Dec 02 2025 16:11:00 GMT+0530 (India Standard Time),29.107572115384617,48.01317068902187,56.042141384548614,224.8010322580645
Tue Dec 02 2025 16:12:00 GMT+0530 (India Standard Time),29.131610576923077,48.027873621890436,56.0546875,224.2626064516129
Tue Dec 02 2025 16:13:00 GMT+0530 (India Standard Time),28.68389423076923,48.346216898718836,55.048624674479164,225.05207741935482
Tue Dec 02 2025 16:14:00 GMT+0530 (India Standard Time),28.704927884615383,48.46103193628798,55.06456163194444,225.87127741935484
Tue Dec 02 2025 16:15:00 GMT+0530 (India Standard Time),28.873197115384613,48.70189571294382,55.06659613715278,223.10647741935483
Tue Dec 02 2025 16:16:00 GMT+0530 (India Standard Time),29.44110576923077,48.83967375802679,55.07269965277778,275.8920258064516
Tue Dec 02 2025 16:17:00 GMT+0530 (India Standard Time),29.4921875,48.44517259296908,55.068630642361114,253.21538064516128
Tue Dec 02 2025 16:18:00 GMT+0530 (India Standard Time),29.4921875,48.59253232464055,55.07439507378472,240.00908387096774
Tue Dec 02 2025 16:19:00 GMT+0530 (India Standard Time),28.936298076923077,48.83835214608355,54.512532552083336,242.2651870967742
Tue Dec 02 2025 16:20:00 GMT+0530 (India Standard Time),28.936298076923077,48.82910086248086,54.52813042534722,223.41367741935483
Tue Dec 02 2025 16:21:00 GMT+0530 (India Standard Time),28.942307692307693,48.97447817623747,54.53932020399306,225.68629677419355
Tue Dec 02 2025 16:22:00 GMT+0530 (India Standard Time),28.948317307692307,49.05360969133908,54.546101888020836,223.76712258064515
Tue Dec 02 2025 16:23:00 GMT+0530 (India Standard Time),28.756009615384613,48.93268219853245,54.552883572048614,227.61868387096774
Tue Dec 02 2025 16:24:00 GMT+0530 (India Standard Time),28.756009615384613,48.872548855114935,54.56169976128472,226.03974193548387
Tue Dec 02 2025 16:25:00 GMT+0530 (India Standard Time),28.81610576923077,48.83190928786025,54.56305609809028,227.38745806451615
Tue Dec 02 2025 16:26:00 GMT+0530 (India Standard Time),29.396033653846153,48.7863136758184,54.5684814453125,287.18905806451613
Tue Dec 02 2025 16:27:00 GMT+0530 (India Standard Time),29.447115384615387,48.856028705824414,54.576619466145836,282.48856774193547
Tue Dec 02 2025 16:28:00 GMT+0530 (India Standard Time),29.447115384615387,48.96010564635471,54.582722981770836,265.46704516129034
Tue Dec 02 2025 16:29:00 GMT+0530 (India Standard Time),29.453125000000004,48.865114787934196,54.58001030815972,244.31649032258065
Tue Dec 02 2025 16:30:00 GMT+0530 (India Standard Time),29.453125000000004,48.920787691043266,54.581027560763886,230.24474838709676
Tue Dec 02 2025 16:31:00 GMT+0530 (India Standard Time),28.53966346153846,48.93714263884089,54.590182834201386,230.3174193548387
Tue Dec 02 2025 16:32:00 GMT+0530 (India Standard Time),28.96935096153846,48.95002835528749,54.59221733940972,225.5607741935484
Tue Dec 02 2025 16:33:00 GMT+0530 (India Standard Time),28.82512019230769,48.82067558634269,54.59221733940972,224.29233548387097
Tue Dec 02 2025 16:34:00 GMT+0530 (India Standard Time),28.837139423076923,48.700243698014766,54.598659939236114,223.20227096774192
Tue Dec 02 2025 16:35:00 GMT+0530 (India Standard Time),28.951322115384613,48.817206354991676,54.60035536024306,222.60108387096773
Tue Dec 02 2025 16:36:00 GMT+0530 (India Standard Time),29.371995192307693,48.47358724974878,54.60069444444444,274.4848516129032
Tue Dec 02 2025 16:37:00 GMT+0530 (India Standard Time),29.40504807692308,48.60558324258007,54.64240180121528,264.63793548387093
Tue Dec 02 2025 16:38:00 GMT+0530 (India Standard Time),29.40504807692308,48.684714757681675,54.64341905381944,263.0689032258064
Tue Dec 02 2025 16:39:00 GMT+0530 (India Standard Time),29.423076923076923,48.73146678017386,54.60374620225694,249.99803870967742
Tue Dec 02 2025 16:40:00 GMT+0530 (India Standard Time),29.426081730769234,48.56510887681828,54.60679796006944,231.08707096774194
Tue Dec 02 2025 16:41:00 GMT+0530 (India Standard Time),28.95733173076923,48.69429644427018,54.615275065104164,232.83447741935484
Tue Dec 02 2025 16:42:00 GMT+0530 (India Standard Time),29.525240384615387,48.75839462351742,54.62510850694444,231.53300645161292
Tue Dec 02 2025 16:43:00 GMT+0530 (India Standard Time),29.305889423076927,48.87750489990209,54.630533854166664,226.2709677419355
Tue Dec 02 2025 16:44:00 GMT+0530 (India Standard Time),29.335937499999996,49.110934609377196,54.634602864583336,223.08665806451612
Tue Dec 02 2025 16:45:00 GMT+0530 (India Standard Time),28.590745192307693,49.0574093256759,54.63731553819444,224.32867096774194
Tue Dec 02 2025 16:46:00 GMT+0530 (India Standard Time),28.701923076923073,49.00966609422628,54.642062717013886,276.7277419354839
Tue Dec 02 2025 16:47:00 GMT+0530 (India Standard Time),28.76201923076923,49.02816866143167,54.638332790798614,261.20258064516133
Tue Dec 02 2025 16:48:00 GMT+0530 (India Standard Time),28.768028846153847,49.13901886317109,54.876708984375,257.9786322580645
Tue Dec 02 2025 16:49:00 GMT+0530 (India Standard Time),28.692908653846157,49.10432654966099,55.224270290798614,247.8278193548387
Tue Dec 02 2025 16:50:00 GMT+0530 (India Standard Time),29.356971153846157,48.942263885120944,55.236477322048614,229.48500645161292
Tue Dec 02 2025 16:51:00 GMT+0530 (India Standard Time),29.453125000000004,48.91897047462131,55.279880099826386,222.92149677419354
Tue Dec 02 2025 16:52:00 GMT+0530 (India Standard Time),29.477163461538463,48.863462773005146,55.0262451171875,223.50616774193549
Tue Dec 02 2025 16:53:00 GMT+0530 (India Standard Time),29.317908653846153,49.03626353458403,55.05744086371528,222.07256774193547
Tue Dec 02 2025 16:54:00 GMT+0530 (India Standard Time),29.317908653846153,49.12861116911806,55.075412326388886,223.69775483870967
Tue Dec 02 2025 16:55:00 GMT+0530 (India Standard Time),29.278846153846157,49.31033281131382,56.048923068576386,224.11726451612904
Tue Dec 02 2025 16:56:00 GMT+0530 (India Standard Time),29.317908653846153,49.35262439349757,56.21880425347222,277.0679741935484
Tue Dec 02 2025 16:57:00 GMT+0530 (India Standard Time),28.545673076923077,49.27877932616892,56.321207682291664,284.2690064516129
Tue Dec 02 2025 16:58:00 GMT+0530 (India Standard Time),29.140624999999996,49.351633184540134,56.371731228298614,265.66854193548386
Tue Dec 02 2025 16:59:00 GMT+0530 (India Standard Time),29.338942307692307,49.35245919200466,56.372409396701386,266.9534967741936
Tue Dec 02 2025 17:00:00 GMT+0530 (India Standard Time),29.353966346153847,49.46545701315185,55.96449110243056,227.59886451612905
Tue Dec 02 2025 17:01:00 GMT+0530 (India Standard Time),28.545673076923077,49.3633624905364,55.954996744791664,228.81114838709675
Tue Dec 02 2025 17:02:00 GMT+0530 (India Standard Time),28.876201923076923,49.25680752761253,56.0089111328125,221.2533677419355
Tue Dec 02 2025 17:03:00 GMT+0530 (India Standard Time),29.381009615384617,49.26407639330036,56.017049153645836,224.67881290322583
Tue Dec 02 2025 17:04:00 GMT+0530 (India Standard Time),29.381009615384617,49.15553901246162,56.02247450086806,226.18178064516127
Tue Dec 02 2025 17:05:00 GMT+0530 (India Standard Time),28.563701923076923,49.30240313965437,55.967203776041664,228.4411870967742
Tue Dec 02 2025 17:06:00 GMT+0530 (India Standard Time),28.56971153846154,49.04336719877895,55.968899197048614,266.34570322580646
Tue Dec 02 2025 17:07:00 GMT+0530 (India Standard Time),28.897235576923073,49.092762445157625,55.192057291666664,263.9409548387097
Tue Dec 02 2025 17:08:00 GMT+0530 (India Standard Time),28.900240384615383,49.20344744540414,55.20765516493056,241.57150967741936
Tue Dec 02 2025 17:09:00 GMT+0530 (India Standard Time),28.915264423076927,49.34172109496582,55.226643880208336,237.72325161290323
Tue Dec 02 2025 17:10:00 GMT+0530 (India Standard Time),28.921274038461537,49.19353535582982,55.261569552951386,227.3346064516129
Tue Dec 02 2025 17:11:00 GMT+0530 (India Standard Time),28.921274038461537,49.188414109549754,55.279541015625,227.68144516129036
Tue Dec 02 2025 17:12:00 GMT+0530 (India Standard Time),28.921274038461537,49.15124377364607,55.290730794270836,225.01574193548385
Tue Dec 02 2025 17:13:00 GMT+0530 (India Standard Time),28.536658653846153,49.31248043072159,55.299886067708336,226.36015483870966
Tue Dec 02 2025 17:14:00 GMT+0530 (India Standard Time),28.921274038461537,49.237974557421325,55.326334635416664,226.6904774193548
Tue Dec 02 2025 17:15:00 GMT+0530 (India Standard Time),28.780048076923077,49.33610424420704,55.315823025173614,224.53347096774192
Tue Dec 02 2025 17:16:00 GMT+0530 (India Standard Time),29.32091346153846,49.39375956523097,55.31785753038194,267.0658064516129
Tue Dec 02 2025 17:17:00 GMT+0530 (India Standard Time),29.381009615384617,49.247060639531114,55.33209906684028,269.4276129032258
Tue Dec 02 2025 17:18:00 GMT+0530 (India Standard Time),29.393028846153847,49.259946355977725,55.31548394097222,232.2035612903226
Tue Dec 02 2025 17:19:00 GMT+0530 (India Standard Time),28.777043269230766,49.10432654966099,55.322604709201386,233.71974193548385
Tue Dec 02 2025 17:20:00 GMT+0530 (India Standard Time),28.777043269230766,49.0669910122644,55.328030056423614,230.5849806451613
Tue Dec 02 2025 17:21:00 GMT+0530 (India Standard Time),28.81911057692308,49.24326100519429,55.328369140625,232.01197419354838
Tue Dec 02 2025 17:22:00 GMT+0530 (India Standard Time),28.81911057692308,49.365840512929985,55.330403645833336,227.7376
Tue Dec 02 2025 17:23:00 GMT+0530 (India Standard Time),28.81911057692308,49.307193982948625,55.33074273003472,230.72041290322582
Tue Dec 02 2025 17:24:00 GMT+0530 (India Standard Time),28.81911057692308,49.50692258787106,55.334133572048614,228.69553548387097
Tue Dec 02 2025 17:25:00 GMT+0530 (India Standard Time),28.870192307692307,49.61248634183751,55.335489908854164,228.8970322580645
Tue Dec 02 2025 17:26:00 GMT+0530 (India Standard Time),28.870192307692307,49.49155884903087,55.338541666666664,273.6821677419355
Tue Dec 02 2025 17:27:00 GMT+0530 (India Standard Time),28.48858173076923,49.461657378815026,55.34125434027778,256.7993806451613
Tue Dec 02 2025 17:28:00 GMT+0530 (India Standard Time),28.7109375,49.60141784181286,55.3436279296875,249.8758193548387
Tue Dec 02 2025 17:29:00 GMT+0530 (India Standard Time),28.777043269230766,49.65725594641483,55.34430609809028,247.24645161290323
Tue Dec 02 2025 17:30:00 GMT+0530 (India Standard Time),28.780048076923077,49.577959229820316,55.35210503472222,232.4215741935484
Tue Dec 02 2025 17:31:00 GMT+0530 (India Standard Time),28.80108173076923,49.687157416630676,55.35413953993056,234.96505806451614
Tue Dec 02 2025 17:32:00 GMT+0530 (India Standard Time),28.81911057692308,49.47008265495319,55.37651909722222,232.75189677419354
Tue Dec 02 2025 17:33:00 GMT+0530 (India Standard Time),28.84314903846154,49.76281970038128,55.39991590711806,232.83447741935484
Tue Dec 02 2025 17:34:00 GMT+0530 (India Standard Time),28.846153846153843,49.71408525997423,55.1025390625,229.5048258064516
Tue Dec 02 2025 17:35:00 GMT+0530 (India Standard Time),28.849158653846153,49.449762871325845,55.1025390625,229.6072258064516