TimeSeries ID,database/memory/components.cloudsql_database.ALIGN_MEAN.metric.type="cloudsql.googleapis.com/database/memory/components" resource.type="cloudsql_database" AND resource.labels."database_id"="data-rainfall-476920-v0:quizapp-postgres-prod" AND resource.labels."project_id"="data-rainfall-476920-v0".database_id:data-rainfall-476920-v0:quizapp-postgres-prod.project_id:data-rainfall-476920-v0.region:us-central.component:Cache,database/memory/components.cloudsql_database.ALIGN_MEAN.metric.type="cloudsql.googleapis.com/database/memory/components" resource.type="cloudsql_database" AND resource.labels."database_id"="data-rainfall-476920-v0:quizapp-postgres-prod" AND resource.labels."project_id"="data-rainfall-476920-v0".database_id:data-rainfall-476920-v0:quizapp-postgres-prod.project_id:data-rainfall-476920-v0.region:us-central.component:Free,database/memory/components.cloudsql_database.ALIGN_MEAN.metric.type="cloudsql.googleapis.com/database/memory/components" resource.type="cloudsql_database" AND resource.labels."database_id"="data-rainfall-476920-v0:quizapp-postgres-prod" AND resource.labels."project_id"="data-rainfall-476920-v0".database_id:data-rainfall-476920-v0:quizapp-postgres-prod.project_id:data-rainfall-476920-v0.region:us-central.component:Usage
component,Cache,Free,Usage
database_id,data-rainfall-476920-v0:quizapp-postgres-prod,data-rainfall-476920-v0:quizapp-postgres-prod,data-rainfall-476920-v0:quizapp-postgres-prod
region,us-central,us-central,us-central
project_id,data-rainfall-476920-v0,data-rainfall-476920-v0,data-rainfall-476920-v0
Tue Dec 02 2025 11:37:00 GMT+0530 (India Standard Time),6.338512406367041,76.48203417602996,17.179453417602996
Tue Dec 02 2025 11:38:00 GMT+0530 (India Standard Time),6.338512406367041,76.44180126404494,17.219686329588015
Tue Dec 02 2025 11:39:00 GMT+0530 (India Standard Time),3.607063436329588,80.82865168539325,15.564284878277153
Tue Dec 02 2025 11:40:00 GMT+0530 (India Standard Time),3.607063436329588,80.96398057116104,15.428955992509364
Tue Dec 02 2025 11:41:00 GMT+0530 (India Standard Time),3.6085264513108615,80.74233380149813,15.649139747191011
Tue Dec 02 2025 11:42:00 GMT+0530 (India Standard Time),3.6136470037453186,80.8235311329588,15.56282186329588
Tue Dec 02 2025 11:43:00 GMT+0530 (India Standard Time),3.6136470037453186,80.59676381086142,15.78958918539326
Tue Dec 02 2025 11:44:00 GMT+0530 (India Standard Time),3.6136470037453186,80.61358848314607,15.772764513108614
Tue Dec 02 2025 11:45:00 GMT+0530 (India Standard Time),3.6158415262172285,80.74525983146067,15.638898642322097
Tue Dec 02 2025 11:46:00 GMT+0530 (India Standard Time),3.65095388576779,79.67506437265918,16.673981741573034
Tue Dec 02 2025 11:47:00 GMT+0530 (India Standard Time),3.6597319756554305,79.6655547752809,16.67471324906367
Tue Dec 02 2025 11:48:00 GMT+0530 (India Standard Time),3.6597319756554305,79.59606156367042,16.744206460674157
Tue Dec 02 2025 11:49:00 GMT+0530 (India Standard Time),3.6597319756554305,79.6655547752809,16.67471324906367
Tue Dec 02 2025 11:50:00 GMT+0530 (India Standard Time),3.6597319756554305,79.52949438202248,16.810773642322097
Tue Dec 02 2025 11:51:00 GMT+0530 (India Standard Time),3.6611949906367043,79.43293539325843,16.90586961610487
Tue Dec 02 2025 11:52:00 GMT+0530 (India Standard Time),3.6611949906367043,79.39562851123596,16.94317649812734
Tue Dec 02 2025 11:53:00 GMT+0530 (India Standard Time),3.6611949906367043,80.1776100187266,16.161194990636705
Tue Dec 02 2025 11:54:00 GMT+0530 (India Standard Time),3.6611949906367043,79.92304541198502,16.415759597378276
Tue Dec 02 2025 11:55:00 GMT+0530 (India Standard Time),3.6670470505617976,78.51635650749064,17.816596441947567
Tue Dec 02 2025 11:56:00 GMT+0530 (India Standard Time),3.6685100655430714,79.17763927902622,17.153850655430713
Tue Dec 02 2025 11:57:00 GMT+0530 (India Standard Time),3.7145950374531833,78.44759480337079,17.83781015917603
Tue Dec 02 2025 11:58:00 GMT+0530 (India Standard Time),3.727762172284644,78.0869616104869,18.185276217228463
Tue Dec 02 2025 11:59:00 GMT+0530 (India Standard Time),3.727762172284644,78.2405781835206,18.031659644194757
Tue Dec 02 2025 12:00:00 GMT+0530 (India Standard Time),3.727762172284644,78.23911516853933,18.03312265917603
Tue Dec 02 2025 12:01:00 GMT+0530 (India Standard Time),3.7292251872659175,78.76141151685393,17.50936329588015
Tue Dec 02 2025 12:02:00 GMT+0530 (India Standard Time),3.765800561797753,78.92453768726591,17.30966175093633
Tue Dec 02 2025 12:03:00 GMT+0530 (India Standard Time),3.765800561797753,78.66192649812734,17.572272940074907
Tue Dec 02 2025 12:04:00 GMT+0530 (India Standard Time),3.7665320692883895,78.93551029962546,17.297957631086142
Tue Dec 02 2025 12:05:00 GMT+0530 (India Standard Time),3.7665320692883895,78.1388986423221,18.094569288389515
Tue Dec 02 2025 12:06:00 GMT+0530 (India Standard Time),3.767995084269663,79.68164794007491,16.55035697565543
Tue Dec 02 2025 12:07:00 GMT+0530 (India Standard Time),3.767995084269663,79.99619616104869,16.23580875468165
Tue Dec 02 2025 12:08:00 GMT+0530 (India Standard Time),3.769458099250936,79.59459854868913,16.635943352059925
Tue Dec 02 2025 12:09:00 GMT+0530 (India Standard Time),3.8001814138576777,77.52296933520599,18.67684925093633
Tue Dec 02 2025 12:10:00 GMT+0530 (India Standard Time),3.8001814138576777,76.89167837078652,19.308140215355806
Tue Dec 02 2025 12:11:00 GMT+0530 (India Standard Time),3.8016444288389515,76.65759597378278,19.540759597378276
Tue Dec 02 2025 12:12:00 GMT+0530 (India Standard Time),3.8016444288389515,76.77829470973782,19.42006086142322
Tue Dec 02 2025 12:13:00 GMT+0530 (India Standard Time),3.8016444288389515,77.83971207865169,18.358643492509362
Tue Dec 02 2025 12:14:00 GMT+0530 (India Standard Time),3.8016444288389515,78.24277270599251,17.95558286516854
Tue Dec 02 2025 12:15:00 GMT+0530 (India Standard Time),3.8016444288389515,78.00722729400749,18.19112827715356
Tue Dec 02 2025 12:16:00 GMT+0530 (India Standard Time),4.135211844569288,77.06650866104869,18.798279494382022
Tue Dec 02 2025 12:17:00 GMT+0530 (India Standard Time),4.144721441947565,76.83827832397004,19.017000234082396
Tue Dec 02 2025 12:18:00 GMT+0530 (India Standard Time),4.144721441947565,77.53394194756554,18.32133661048689
Tue Dec 02 2025 12:19:00 GMT+0530 (India Standard Time),4.144721441947565,77.72120786516854,18.134070692883896
Tue Dec 02 2025 12:20:00 GMT+0530 (India Standard Time),4.144721441947565,76.64369733146067,19.21158122659176
Tue Dec 02 2025 12:21:00 GMT+0530 (India Standard Time),4.147647471910112,77.02042368913858,18.83192883895131
Tue Dec 02 2025 12:22:00 GMT+0530 (India Standard Time),4.1505735018726595,74.20558286516854,21.643843632958802
Tue Dec 02 2025 12:23:00 GMT+0530 (India Standard Time),4.1505735018726595,75.6517731741573,20.197653323970037
Tue Dec 02 2025 12:24:00 GMT+0530 (India Standard Time),4.1505735018726595,73.81130032771536,22.038126170411985
Tue Dec 02 2025 12:25:00 GMT+0530 (India Standard Time),4.0386528558052435,75.42354283707866,20.537804307116104
Tue Dec 02 2025 12:26:00 GMT+0530 (India Standard Time),4.479561969116283,55.81454011343551,39.705897917448205
Tue Dec 02 2025 12:27:00 GMT+0530 (India Standard Time),4.602099603575465,55.36460826176485,40.03329213465969
Tue Dec 02 2025 12:28:00 GMT+0530 (India Standard Time),4.603393187048642,55.30410383476941,40.09250297818195
Tue Dec 02 2025 12:29:00 GMT+0530 (India Standard Time),4.604216376531573,55.35390679848674,40.041876824981685
Tue Dec 02 2025 12:30:00 GMT+0530 (India Standard Time),4.6074503352145175,55.247950552183745,40.14459911260174
Tue Dec 02 2025 12:31:00 GMT+0530 (India Standard Time),4.60762673296086,55.235485111442216,40.156888155596924
Tue Dec 02 2025 12:32:00 GMT+0530 (India Standard Time),4.610096301409653,55.2229608714519,40.16694282713844
Tue Dec 02 2025 12:33:00 GMT+0530 (India Standard Time),4.610096301409653,55.45163114996043,39.93827254862992
Tue Dec 02 2025 12:34:00 GMT+0530 (India Standard Time),4.610096301409653,55.464449386194644,39.92545431239571
Tue Dec 02 2025 12:35:00 GMT+0530 (India Standard Time),4.610155100658434,55.456746684604354,39.93309821473721
Tue Dec 02 2025 12:36:00 GMT+0530 (India Standard Time),4.610155100658434,55.4449868348482,39.94485806449337
Tue Dec 02 2025 12:37:00 GMT+0530 (India Standard Time),4.611919078121858,55.56223253691711,39.825848384961034
Tue Dec 02 2025 12:38:00 GMT+0530 (India Standard Time),4.644905456687885,55.418174377404156,39.936920165907964
Tue Dec 02 2025 12:39:00 GMT+0530 (India Standard Time),4.647904218375706,55.32979910648662,40.02229667513768
Tue Dec 02 2025 12:40:00 GMT+0530 (India Standard Time),4.648315813117172,55.31468769954995,40.03699648733288
Tue Dec 02 2025 12:41:00 GMT+0530 (India Standard Time),4.649197801848883,55.27981974502294,40.07098245312818
Tue Dec 02 2025 12:42:00 GMT+0530 (India Standard Time),4.650314987575719,55.238248676134916,40.111436336289366
Tue Dec 02 2025 12:43:00 GMT+0530 (India Standard Time),4.650550184570842,55.23589670618368,40.11355310924548
Tue Dec 02 2025 12:44:00 GMT+0530 (India Standard Time),4.650550184570842,55.0998940437537,40.24955577167546
Tue Dec 02 2025 12:45:00 GMT+0530 (India Standard Time),4.651726169546458,55.11776901538306,40.23050481507048
Tue Dec 02 2025 12:46:00 GMT+0530 (India Standard Time),4.65184376804402,55.11512304918792,40.233033182768054
Tue Dec 02 2025 12:47:00 GMT+0530 (India Standard Time),4.6530197530196356,55.23166316027147,40.1153170867089
Tue Dec 02 2025 12:48:00 GMT+0530 (India Standard Time),4.656841704190387,55.26035719367649,40.08280110213312
Tue Dec 02 2025 12:49:00 GMT+0530 (India Standard Time),4.656841704190387,55.29887070162792,40.0442875941817
Tue Dec 02 2025 12:50:00 GMT+0530 (India Standard Time),4.656841704190387,55.42276071880906,39.92039757700056
Tue Dec 02 2025 12:51:00 GMT+0530 (India Standard Time),4.65707690118551,55.36696023171608,39.97596286709841
Tue Dec 02 2025 12:52:00 GMT+0530 (India Standard Time),4.657429696678196,55.36113910608678,39.981431197235025
Tue Dec 02 2025 12:53:00 GMT+0530 (India Standard Time),4.657429696678196,55.36102150758922,39.981548795732586
Tue Dec 02 2025 12:54:00 GMT+0530 (India Standard Time),4.657547295175757,55.25894601170575,40.08350669311849
Tue Dec 02 2025 12:55:00 GMT+0530 (India Standard Time),4.657547295175757,55.44974957399944,39.8927031308248
Tue Dec 02 2025 12:56:00 GMT+0530 (India Standard Time),4.657547295175757,55.32727073878904,40.0151819660352
Tue Dec 02 2025 12:57:00 GMT+0530 (India Standard Time),4.657664893673318,55.511841580711966,39.83049352561471
Tue Dec 02 2025 12:58:00 GMT+0530 (India Standard Time),4.657664893673318,55.511841580711966,39.83049352561471
Tue Dec 02 2025 12:59:00 GMT+0530 (India Standard Time),4.657664893673318,55.57616795887816,39.76616714744853
Tue Dec 02 2025 13:00:00 GMT+0530 (India Standard Time),4.657664893673318,55.56299692715126,39.779338179175426
Tue Dec 02 2025 13:01:00 GMT+0530 (India Standard Time),4.657664893673318,55.570346833248855,39.771988273077824
Tue Dec 02 2025 13:02:00 GMT+0530 (India Standard Time),4.657900090668441,55.5628793286537,39.77922058067786
Tue Dec 02 2025 13:03:00 GMT+0530 (India Standard Time),4.657900090668441,55.48285355106303,39.85924635826853
Tue Dec 02 2025 13:04:00 GMT+0530 (India Standard Time),4.657900090668441,55.52671779065351,39.81538211867805
Tue Dec 02 2025 13:05:00 GMT+0530 (India Standard Time),4.658135287663565,55.39818263281868,39.94368207951775
Tue Dec 02 2025 13:06:00 GMT+0530 (India Standard Time),4.660134462122112,55.28746364736444,40.052401890513444
Tue Dec 02 2025 13:07:00 GMT+0530 (India Standard Time),4.660428458366016,55.41276484651632,39.92680669511766
Tue Dec 02 2025 13:08:00 GMT+0530 (India Standard Time),4.663015625312371,55.46821253811661,39.868771836571014
Tue Dec 02 2025 13:09:00 GMT+0530 (India Standard Time),4.663015625312371,55.465507772672694,39.87147660201493
Tue Dec 02 2025 13:10:00 GMT+0530 (India Standard Time),4.663133223809933,55.46797734112149,39.868889435068574
Tue Dec 02 2025 13:11:00 GMT+0530 (India Standard Time),4.663133223809933,55.47197569003858,39.86489108615148
Tue Dec 02 2025 13:12:00 GMT+0530 (India Standard Time),4.663486019302617,55.43716653476035,39.89934744593703
Tue Dec 02 2025 13:13:00 GMT+0530 (India Standard Time),4.663486019302617,55.41999715411636,39.916516826581024
Tue Dec 02 2025 13:14:00 GMT+0530 (India Standard Time),4.663486019302617,55.41999715411636,39.916516826581024
Tue Dec 02 2025 13:15:00 GMT+0530 (India Standard Time),4.663486019302617,55.416939593179755,39.91957438751763
Tue Dec 02 2025 13:16:00 GMT+0530 (India Standard Time),4.663486019302617,55.45698188159948,39.8795320990979
Tue Dec 02 2025 13:17:00 GMT+0530 (India Standard Time),4.66372121629774,55.529481355346206,39.806797428356056
Tue Dec 02 2025 13:18:00 GMT+0530 (India Standard Time),4.66372121629774,55.540124019375526,39.79615476432673
Tue Dec 02 2025 13:19:00 GMT+0530 (India Standard Time),4.66372121629774,55.54035921637065,39.79591956733161
Tue Dec 02 2025 13:20:00 GMT+0530 (India Standard Time),4.66372121629774,55.53994762162919,39.79633116207307
Tue Dec 02 2025 13:21:00 GMT+0530 (India Standard Time),4.6652499967660415,55.34949685482818,39.985253148405775
Tue Dec 02 2025 13:22:00 GMT+0530 (India Standard Time),4.666602379487999,55.266060720808234,40.06733689970377
Tue Dec 02 2025 13:23:00 GMT+0530 (India Standard Time),4.667837163712396,55.253124886076456,40.079037950211145
Tue Dec 02 2025 13:24:00 GMT+0530 (India Standard Time),4.672129508873395,55.23336833848611,40.094502152640494
Tue Dec 02 2025 13:25:00 GMT+0530 (India Standard Time),4.672129508873395,55.23313314149098,40.09473734963562
Tue Dec 02 2025 13:26:00 GMT+0530 (India Standard Time),4.672129508873395,55.25806402297404,40.069806468152564
Tue Dec 02 2025 13:27:00 GMT+0530 (India Standard Time),4.6724823043660795,55.37983726719907,39.94768042843484
Tue Dec 02 2025 13:28:00 GMT+0530 (India Standard Time),4.6725411036148605,55.332386273432974,39.99507262295217
Tue Dec 02 2025 13:29:00 GMT+0530 (India Standard Time),4.675128270561215,55.25377167781304,40.07110005162574
Tue Dec 02 2025 13:30:00 GMT+0530 (India Standard Time),4.676304255536831,55.22678282262266,40.09691292184051
Tue Dec 02 2025 13:31:00 GMT+0530 (India Standard Time),4.6768922480246395,55.166983986612586,40.15612376536277
Tue Dec 02 2025 13:32:00 GMT+0530 (India Standard Time),4.678009433751474,55.12564811471969,40.19634245152884
Tue Dec 02 2025 13:33:00 GMT+0530 (India Standard Time),4.678597426239282,55.11188909050498,40.20951348325574
Tue Dec 02 2025 13:34:00 GMT+0530 (India Standard Time),4.678715024736844,55.10900792731472,40.21227704794843
Tue Dec 02 2025 13:35:00 GMT+0530 (India Standard Time),4.678950221731967,55.093720122631716,40.22732965563632
Tue Dec 02 2025 13:36:00 GMT+0530 (India Standard Time),4.679067820229529,55.139289540436835,40.18164263933364
Tue Dec 02 2025 13:37:00 GMT+0530 (India Standard Time),4.680126206707583,55.2707646607107,40.04910913258172
Tue Dec 02 2025 13:38:00 GMT+0530 (India Standard Time),4.680420202951487,55.24924413565692,40.07033566139159
Tue Dec 02 2025 13:39:00 GMT+0530 (India Standard Time),4.681713786424664,55.2370726911593,40.081213522416036
Tue Dec 02 2025 13:40:00 GMT+0530 (India Standard Time),4.681831384922226,55.21549336685675,40.102675248221026
Tue Dec 02 2025 13:41:00 GMT+0530 (India Standard Time),4.68206658191735,55.26312075836919,40.05481265971346
Tue Dec 02 2025 13:42:00 GMT+0530 (India Standard Time),4.682889771400281,55.259475204944785,40.05763502365494
Tue Dec 02 2025 13:43:00 GMT+0530 (India Standard Time),4.683889358629554,55.216786950329926,40.099323691040524
Tue Dec 02 2025 13:44:00 GMT+0530 (India Standard Time),4.6840069571271155,55.19691280424201,40.11908023863087
Tue Dec 02 2025 13:45:00 GMT+0530 (India Standard Time),4.6841245556246776,55.157399709061316,40.158475735314006
Tue Dec 02 2025 13:46:00 GMT+0530 (India Standard Time),4.684242154122239,55.1519313789247,40.16382646695306
Tue Dec 02 2025 13:47:00 GMT+0530 (India Standard Time),4.68653532482469,55.25183130260328,40.06163337257203
Tue Dec 02 2025 13:48:00 GMT+0530 (India Standard Time),4.686652923322252,55.27223464193021,40.04111243474753
Tue Dec 02 2025 13:49:00 GMT+0530 (India Standard Time),4.687476112805183,55.266178319305794,40.04634556788903
Tue Dec 02 2025 13:50:00 GMT+0530 (India Standard Time),4.687593711302744,55.22007970826165,40.09232658043561
Tue Dec 02 2025 13:51:00 GMT+0530 (India Standard Time),4.687887707546649,55.21849212854457,40.09362016390879
Tue Dec 02 2025 13:52:00 GMT+0530 (India Standard Time),4.693297238434481,55.1473450375198,40.15935772404572
Tue Dec 02 2025 13:53:00 GMT+0530 (India Standard Time),4.695472810639371,55.090956557939016,40.21357063142161
Tue Dec 02 2025 13:54:00 GMT+0530 (India Standard Time),4.697471985097918,55.08537062930484,40.21715738559724
Tue Dec 02 2025 13:55:00 GMT+0530 (India Standard Time),4.698412773078411,55.07137640809501,40.23021081882658
Tue Dec 02 2025 13:56:00 GMT+0530 (India Standard Time),4.698412773078411,55.06673126744133,40.234855959480264
Tue Dec 02 2025 13:57:00 GMT+0530 (India Standard Time),4.701470334015013,55.087840197753636,40.21068946823135
Tue Dec 02 2025 13:58:00 GMT+0530 (India Standard Time),4.7035871069711215,55.16222124746134,40.13419164556753
Tue Dec 02 2025 13:59:00 GMT+0530 (India Standard Time),4.703704705468683,55.172040722007736,40.12425457252358
Tue Dec 02 2025 14:00:00 GMT+0530 (India Standard Time),4.704821891195518,55.17304030923701,40.122137799567476
Tue Dec 02 2025 14:01:00 GMT+0530 (India Standard Time),4.705351084434545,55.19991156592983,40.09473734963562
Tue Dec 02 2025 14:02:00 GMT+0530 (India Standard Time),4.7079382513809005,55.27052946371557,40.02153228490353
Tue Dec 02 2025 14:03:00 GMT+0530 (India Standard Time),4.709702228844324,55.30422143326697,39.986076337888704
Tue Dec 02 2025 14:04:00 GMT+0530 (India Standard Time),4.710290221332132,55.29722432266205,39.99248545600582
Tue Dec 02 2025 14:05:00 GMT+0530 (India Standard Time),4.711231009312625,55.29134439778397,39.9974245929034
Tue Dec 02 2025 14:06:00 GMT+0530 (India Standard Time),4.711231009312625,55.27699738108146,40.011771609605916
Tue Dec 02 2025 14:07:00 GMT+0530 (India Standard Time),4.711348607810186,55.25006732513985,40.03858406704996
Tue Dec 02 2025 14:08:00 GMT+0530 (India Standard Time),4.711466206307748,55.264237944096024,40.02429584959623
Tue Dec 02 2025 14:09:00 GMT+0530 (India Standard Time),4.711466206307748,55.33332706141346,39.95520673227879
Tue Dec 02 2025 14:10:00 GMT+0530 (India Standard Time),4.711466206307748,55.40682612238946,39.88170767130279
Tue Dec 02 2025 14:11:00 GMT+0530 (India Standard Time),4.711466206307748,55.23495591820319,40.05357787548906
Tue Dec 02 2025 14:12:00 GMT+0530 (India Standard Time),4.713465380766295,54.98893986130433,40.297594757929375
Tue Dec 02 2025 14:13:00 GMT+0530 (India Standard Time),4.71675813869802,54.66624958399532,40.616992277306665
Tue Dec 02 2025 14:14:00 GMT+0530 (India Standard Time),4.721109283107799,53.89933098214737,41.37955973474483
Tue Dec 02 2025 14:15:00 GMT+0530 (India Standard Time),4.724402041039523,53.695767982868254,41.57982997609223
Tue Dec 02 2025 14:16:00 GMT+0530 (India Standard Time),4.729341177937111,53.72675518697573,41.543903635087155
Tue Dec 02 2025 14:17:00 GMT+0530 (India Standard Time),4.747216149566473,53.31045650560768,41.94232734482584
Tue Dec 02 2025 14:18:00 GMT+0530 (India Standard Time),4.759916787303125,53.514548698125836,41.725534514571045
Tue Dec 02 2025 14:19:00 GMT+0530 (India Standard Time),4.767560689644629,53.45680783582309,41.77563147453228
Tue Dec 02 2025 14:20:00 GMT+0530 (India Standard Time),4.777086167947118,53.78096809435163,41.44194573770125
Tue Dec 02 2025 14:21:00 GMT+0530 (India Standard Time),4.789434010191086,53.39295185164714,41.81761413816177
Tue Dec 02 2025 14:22:00 GMT+0530 (India Standard Time),4.801781852435053,53.35790749937379,41.840310648191156
Tue Dec 02 2025 14:23:00 GMT+0530 (India Standard Time),4.80742658031801,53.61280224283855,41.579771176843444
Tue Dec 02 2025 14:24:00 GMT+0530 (India Standard Time),4.816599263127815,53.740984605180685,41.4424161316915
Tue Dec 02 2025 14:25:00 GMT+0530 (India Standard Time),4.823302377488825,53.67118989687788,41.5055077256333
Tue Dec 02 2025 14:26:00 GMT+0530 (India Standard Time),4.835650219732793,53.87798685483994,41.28636292542726
Tue Dec 02 2025 14:27:00 GMT+0530 (India Standard Time),4.851584816152389,53.536010423930826,41.612404759916785
Tue Dec 02 2025 14:28:00 GMT+0530 (India Standard Time),4.862874271918302,53.51143233794045,41.62569339014125
Tue Dec 02 2025 14:29:00 GMT+0530 (India Standard Time),4.870400575762244,53.56588044231147,41.563718981926286
Tue Dec 02 2025 14:30:00 GMT+0530 (India Standard Time),4.875810106650078,53.77056062731742,41.3536292660325
Tue Dec 02 2025 14:31:00 GMT+0530 (India Standard Time),4.885923577440375,53.822539163239654,41.29153725931997
Tue Dec 02 2025 14:32:00 GMT+0530 (India Standard Time),4.8966250407184795,53.62938363099473,41.47399132828679
Tue Dec 02 2025 14:33:00 GMT+0530 (India Standard Time),4.90250496559656,53.54988704664309,41.54760798776035
Tue Dec 02 2025 14:34:00 GMT+0530 (India Standard Time),4.907796897986831,53.96700891749407,41.125194184519096
Tue Dec 02 2025 14:35:00 GMT+0530 (India Standard Time),4.912618436386857,53.463687347930446,41.6236942156827
Tue Dec 02 2025 14:36:00 GMT+0530 (India Standard Time),4.927200650084495,53.32374513583215,41.74905421408336
Tue Dec 02 2025 14:37:00 GMT+0530 (India Standard Time),4.937666916367476,53.63391117315085,41.428421910481674
Tue Dec 02 2025 14:38:00 GMT+0530 (India Standard Time),4.9429588487577485,53.58463740267254,41.47240374856971
Tue Dec 02 2025 14:39:00 GMT+0530 (India Standard Time),4.949661963118759,53.3042825844857,41.74605545239554
Tue Dec 02 2025 14:40:00 GMT+0530 (India Standard Time),4.95707066846514,53.4429900123596,41.599939319175256
Tue Dec 02 2025 14:41:00 GMT+0530 (India Standard Time),4.973416859626202,53.66137042233149,41.365212718042315
Tue Dec 02 2025 14:42:00 GMT+0530 (India Standard Time),4.986352694357977,53.35432074519816,41.659326560443866
Tue Dec 02 2025 14:43:00 GMT+0530 (India Standard Time),4.992585414728741,53.27494175934408,41.732472825927175
Tue Dec 02 2025 14:44:00 GMT+0530 (India Standard Time),5.004345264484901,53.42535023772536,41.570304497789735
Tue Dec 02 2025 14:45:00 GMT+0530 (India Standard Time),5.013517947294705,53.18533170420215,41.80115034850315
Tue Dec 02 2025 14:46:00 GMT+0530 (India Standard Time),5.035744063333847,53.062323675752715,41.90193226091343
Tue Dec 02 2025 14:47:00 GMT+0530 (India Standard Time),5.051502262007101,53.36619819345188,41.582299544541016
Tue Dec 02 2025 14:48:00 GMT+0530 (India Standard Time),5.062556520777891,53.51137353869167,41.42606994053044
Tue Dec 02 2025 14:49:00 GMT+0530 (India Standard Time),5.071141211099887,53.23331189120728,41.695546897692836
Tue Dec 02 2025 14:50:00 GMT+0530 (India Standard Time),5.075021961519419,53.12418048547012,41.80079755301046
Tue Dec 02 2025 14:51:00 GMT+0530 (India Standard Time),5.081960272875554,53.094957258826064,41.82308246829839
Tue Dec 02 2025 14:52:00 GMT+0530 (India Standard Time),5.089839372212181,53.235193467168266,41.67496716061956
Tue Dec 02 2025 14:53:00 GMT+0530 (India Standard Time),5.095366501597575,53.16145920919714,41.74317428920528
Tue Dec 02 2025 14:54:00 GMT+0530 (India Standard Time),5.0977184715488075,53.58710697112134,41.315174557329854
Tue Dec 02 2025 14:55:00 GMT+0530 (India Standard Time),5.100658433987848,53.536245620925946,41.36309594508621
Tue Dec 02 2025 14:56:00 GMT+0530 (India Standard Time),5.1092431243098435,53.805369782595655,41.085387093094496
Tue Dec 02 2025 14:57:00 GMT+0530 (India Standard Time),5.121002974066004,53.72963635016599,41.14936067576801
Tue Dec 02 2025 14:58:00 GMT+0530 (India Standard Time),5.122649353031866,53.89492103848881,40.98242960847932
Tue Dec 02 2025 14:59:00 GMT+0530 (India Standard Time),5.123590141012358,54.26706148402248,40.60934837496516
Tue Dec 02 2025 15:00:00 GMT+0530 (India Standard Time),5.12370773950992,54.20608666303679,40.67020559745329
Tue Dec 02 2025 15:01:00 GMT+0530 (India Standard Time),5.125118921480659,54.18256696352447,40.692314114994865
Tue Dec 02 2025 15:02:00 GMT+0530 (India Standard Time),5.126882898944083,54.49814253173101,40.374974569324905
Tue Dec 02 2025 15:03:00 GMT+0530 (India Standard Time),5.13182203584167,54.48038515859921,40.387792805559116
Tue Dec 02 2025 15:04:00 GMT+0530 (India Standard Time),5.133586013305094,54.42311469028672,40.44329929640819
Tue Dec 02 2025 15:05:00 GMT+0530 (India Standard Time),5.1345268012855865,54.40177056297929,40.463702635735125
Tue Dec 02 2025 15:06:00 GMT+0530 (India Standard Time),5.135820384758764,54.41623517817936,40.44794443706187
Tue Dec 02 2025 15:07:00 GMT+0530 (India Standard Time),5.1374667637246265,54.56876042951675,40.29377280675862
Tue Dec 02 2025 15:08:00 GMT+0530 (India Standard Time),5.139348339685612,54.53612684644341,40.32452481387098
Tue Dec 02 2025 15:09:00 GMT+0530 (India Standard Time),5.14064192315879,54.55694178051181,40.3024162963294
Tue Dec 02 2025 15:10:00 GMT+0530 (India Standard Time),5.141347514144159,54.469507297574765,40.38914518828108
Tue Dec 02 2025 15:11:00 GMT+0530 (India Standard Time),5.142993893110021,54.46550894865767,40.391497158232305
Tue Dec 02 2025 15:12:00 GMT+0530 (India Standard Time),5.143464287100268,54.89374387752822,39.96279183537151
Tue Dec 02 2025 15:13:00 GMT+0530 (India Standard Time),5.144875469071007,54.686946919566154,40.168177611362836
Tue Dec 02 2025 15:14:00 GMT+0530 (India Standard Time),5.145581060056377,54.63038204223903,40.22403689770459
Tue Dec 02 2025 15:15:00 GMT+0530 (India Standard Time),5.145933855549061,54.62297333689265,40.23109280755829
Tue Dec 02 2025 15:16:00 GMT+0530 (India Standard Time),5.147756632261267,54.59210373128273,40.260139636456
Tue Dec 02 2025 15:17:00 GMT+0530 (India Standard Time),5.149638208222251,54.51313634017012,40.33722545160763
Tue Dec 02 2025 15:18:00 GMT+0530 (India Standard Time),5.154636144368619,54.43311056257945,40.412253293051926
Tue Dec 02 2025 15:19:00 GMT+0530 (India Standard Time),5.1555769323491125,54.46744932386744,40.37697374378345
Tue Dec 02 2025 15:20:00 GMT+0530 (India Standard Time),5.155812129344236,54.09107533242155,40.75311253823421
Tue Dec 02 2025 15:21:00 GMT+0530 (India Standard Time),5.1569881143198515,54.0195754459041,40.823436439776046
Tue Dec 02 2025 15:22:00 GMT+0530 (India Standard Time),5.158164099295467,54.006404414177204,40.83543148652733
Tue Dec 02 2025 15:23:00 GMT+0530 (India Standard Time),5.158752091783275,54.02004583989435,40.82120206832238
Tue Dec 02 2025 15:24:00 GMT+0530 (India Standard Time),5.1613392587296305,54.01969304440166,40.818967696868704
Tue Dec 02 2025 15:25:00 GMT+0530 (India Standard Time),5.161692054222315,54.23495709418817,40.60335085158952
Tue Dec 02 2025 15:26:00 GMT+0530 (India Standard Time),5.161927251217438,54.24130741305649,40.59676533572607
Tue Dec 02 2025 15:27:00 GMT+0530 (India Standard Time),5.163103236193054,54.24853972065653,40.58835704315042
Tue Dec 02 2025 15:28:00 GMT+0530 (India Standard Time),5.163338433188177,54.261416756139525,40.5752448106723
Tue Dec 02 2025 15:29:00 GMT+0530 (India Standard Time),5.164749615158917,54.24242459878332,40.59282578605776
Tue Dec 02 2025 15:30:00 GMT+0530 (India Standard Time),5.165337607646725,54.627971273039016,40.20669111931426
Tue Dec 02 2025 15:31:00 GMT+0530 (India Standard Time),5.166631191119902,54.582166658238776,40.251202150641326
Tue Dec 02 2025 15:32:00 GMT+0530 (India Standard Time),5.168395168583326,54.56446808435575,40.26713674706092
Tue Dec 02 2025 15:33:00 GMT+0530 (India Standard Time),5.169571153558942,54.53342208099949,40.297006765441566
Tue Dec 02 2025 15:34:00 GMT+0530 (India Standard Time),5.169688752056504,54.541830373575145,40.28848087436835
Tue Dec 02 2025 15:35:00 GMT+0530 (India Standard Time),5.169688752056504,54.56458568285331,40.26572556509018
Tue Dec 02 2025 15:36:00 GMT+0530 (India Standard Time),5.170511941539435,54.54800429469713,40.28148376376343
Tue Dec 02 2025 15:37:00 GMT+0530 (India Standard Time),5.171687926515051,54.54335915404345,40.2849529194415
Tue Dec 02 2025 15:38:00 GMT+0530 (India Standard Time),5.171687926515051,54.625090109848756,40.203221963636196
Tue Dec 02 2025 15:39:00 GMT+0530 (India Standard Time),5.171687926515051,54.61121348713649,40.21709858634846
Tue Dec 02 2025 15:40:00 GMT+0530 (India Standard Time),5.171805525012612,54.77361701226905,40.054577462718335
Tue Dec 02 2025 15:41:00 GMT+0530 (India Standard Time),5.171805525012612,54.754624854912855,40.07356962007454
Tue Dec 02 2025 15:42:00 GMT+0530 (India Standard Time),5.171923123510174,54.77361701226905,40.054459864220775
Tue Dec 02 2025 15:43:00 GMT+0530 (India Standard Time),5.171923123510174,54.77014785659098,40.05792901989884
Tue Dec 02 2025 15:44:00 GMT+0530 (India Standard Time),5.171923123510174,54.752331684210404,40.07574519227942
Tue Dec 02 2025 15:45:00 GMT+0530 (India Standard Time),5.172981509988229,54.75015611200551,40.07686237800626
Tue Dec 02 2025 15:46:00 GMT+0530 (India Standard Time),5.173569502476036,54.745040577361586,40.08138992016238
Tue Dec 02 2025 15:47:00 GMT+0530 (India Standard Time),5.17380469947116,54.74457018337134,40.0816251171575
Tue Dec 02 2025 15:48:00 GMT+0530 (India Standard Time),5.17380469947116,54.760387181293375,40.06580811923547
Tue Dec 02 2025 15:49:00 GMT+0530 (India Standard Time),5.17380469947116,54.78061412287396,40.045581177654874
Tue Dec 02 2025 15:50:00 GMT+0530 (India Standard Time),5.17380469947116,54.78614125225936,40.04005404826948
Tue Dec 02 2025 15:51:00 GMT+0530 (India Standard Time),5.173922297968721,54.81030774350827,40.01576995852301
Tue Dec 02 2025 15:52:00 GMT+0530 (India Standard Time),5.174157494963844,54.80207584867896,40.023766656357196
Tue Dec 02 2025 15:53:00 GMT+0530 (India Standard Time),5.174157494963844,54.8273595256547,39.99848297938146
Tue Dec 02 2025 15:54:00 GMT+0530 (India Standard Time),5.174157494963844,54.83635581071816,39.989486694317996
Tue Dec 02 2025 15:55:00 GMT+0530 (India Standard Time),5.174157494963844,54.83700260245475,39.988839902581404
Tue Dec 02 2025 15:56:00 GMT+0530 (India Standard Time),5.174157494963844,54.83764939419134,39.98819311084482
Tue Dec 02 2025 15:57:00 GMT+0530 (India Standard Time),5.174275093461406,54.86393265839636,39.96179224814224
Tue Dec 02 2025 15:58:00 GMT+0530 (India Standard Time),5.174392691958968,54.83529742424011,39.990309883800926
Tue Dec 02 2025 15:59:00 GMT+0530 (India Standard Time),5.1750982829443375,54.75262568045431,40.07227603660136
Tue Dec 02 2025 16:00:00 GMT+0530 (India Standard Time),5.176274267919953,54.708937838610176,40.114787893469874
Tue Dec 02 2025 16:01:00 GMT+0530 (India Standard Time),5.1767446619102,54.72781239746881,40.09544294062099
Tue Dec 02 2025 16:02:00 GMT+0530 (India Standard Time),5.176862260407761,54.74016023971278,40.08297749987946
Tue Dec 02 2025 16:03:00 GMT+0530 (India Standard Time),5.176862260407761,54.724284442541965,40.098853297050276
Tue Dec 02 2025 16:04:00 GMT+0530 (India Standard Time),5.176862260407761,54.71758132818095,40.105556411411285
Tue Dec 02 2025 16:05:00 GMT+0530 (India Standard Time),5.176862260407761,54.71699333569315,40.106144403899094
Tue Dec 02 2025 16:06:00 GMT+0530 (India Standard Time),5.176862260407761,54.75897599932263,40.064161740269604
Tue Dec 02 2025 16:07:00 GMT+0530 (India Standard Time),5.177097457402884,54.794784741830135,40.02811780076698
Tue Dec 02 2025 16:08:00 GMT+0530 (India Standard Time),5.177097457402884,54.77473419799588,40.04816834460123
Tue Dec 02 2025 16:09:00 GMT+0530 (India Standard Time),5.177097457402884,54.79055119591792,40.03235134667919
Tue Dec 02 2025 16:10:00 GMT+0530 (India Standard Time),5.177097457402884,54.79066879441548,40.03223374818163
Tue Dec 02 2025 16:11:00 GMT+0530 (India Standard Time),5.177097457402884,54.818069244347335,40.00483329824978
Tue Dec 02 2025 16:12:00 GMT+0530 (India Standard Time),5.177332654398008,54.83235746180107,39.990309883800926
Tue Dec 02 2025 16:13:00 GMT+0530 (India Standard Time),5.177332654398008,54.83506222724498,39.98760511835701
Tue Dec 02 2025 16:14:00 GMT+0530 (India Standard Time),5.177332654398008,54.83465063250352,39.988016713098474
Tue Dec 02 2025 16:15:00 GMT+0530 (India Standard Time),5.177332654398008,54.8347094317523,39.98795791384969
Tue Dec 02 2025 16:16:00 GMT+0530 (India Standard Time),5.177332654398008,54.835591420484015,39.98707592511798
Tue Dec 02 2025 16:17:00 GMT+0530 (India Standard Time),5.177567851393131,54.8347094317523,39.98772271685457
Tue Dec 02 2025 16:18:00 GMT+0530 (India Standard Time),5.177567851393131,54.86022830572317,39.9622038428837
Tue Dec 02 2025 16:19:00 GMT+0530 (India Standard Time),5.177567851393131,54.851173221410924,39.97125892719595
Tue Dec 02 2025 16:20:00 GMT+0530 (India Standard Time),5.177567851393131,54.83229866255229,39.99013348605458
Tue Dec 02 2025 16:21:00 GMT+0530 (India Standard Time),5.177567851393131,54.85299599812313,39.969436150483745
Tue Dec 02 2025 16:22:00 GMT+0530 (India Standard Time),5.177803048388254,54.84123614836697,39.98096080324478
Tue Dec 02 2025 16:23:00 GMT+0530 (India Standard Time),5.177803048388254,54.84993843718652,39.97225851442522
Tue Dec 02 2025 16:24:00 GMT+0530 (India Standard Time),5.177803048388254,54.850702827420676,39.97149412419107
Tue Dec 02 2025 16:25:00 GMT+0530 (India Standard Time),5.177803048388254,54.84058935663038,39.98160759498137
Tue Dec 02 2025 16:26:00 GMT+0530 (India Standard Time),5.177803048388254,54.841000951371846,39.9811960002399
Tue Dec 02 2025 16:27:00 GMT+0530 (India Standard Time),5.178038245383377,54.8405305573816,39.981431197235025
Tue Dec 02 2025 16:28:00 GMT+0530 (India Standard Time),5.178038245383377,54.8344154355084,39.987546319108226
Tue Dec 02 2025 16:29:00 GMT+0530 (India Standard Time),5.178038245383377,54.84905644845482,39.972905306161806
Tue Dec 02 2025 16:30:00 GMT+0530 (India Standard Time),5.178038245383377,54.84752766798651,39.97443408663011
Tue Dec 02 2025 16:31:00 GMT+0530 (India Standard Time),5.178038245383377,54.84352931906942,39.978432435547205
Tue Dec 02 2025 16:32:00 GMT+0530 (India Standard Time),5.1782734423785,54.849232846201154,39.97249371142034
Tue Dec 02 2025 16:33:00 GMT+0530 (India Standard Time),5.1782734423785,54.86275667342074,39.95896988420076
Tue Dec 02 2025 16:34:00 GMT+0530 (India Standard Time),5.1782734423785,54.85964031323536,39.96208624438614
Tue Dec 02 2025 16:35:00 GMT+0530 (India Standard Time),5.1782734423785,54.853701589108496,39.968024968513
Tue Dec 02 2025 16:36:00 GMT+0530 (India Standard Time),5.1782734423785,54.849115247703594,39.9726113099179
Tue Dec 02 2025 16:37:00 GMT+0530 (India Standard Time),5.178508639373623,54.85558316506948,39.96590819555689
Tue Dec 02 2025 16:38:00 GMT+0530 (India Standard Time),5.178508639373623,54.84711607324505,39.97437528738133
Tue Dec 02 2025 16:39:00 GMT+0530 (India Standard Time),5.178508639373623,54.88704076316721,39.93445059745917
Tue Dec 02 2025 16:40:00 GMT+0530 (India Standard Time),5.178508639373623,54.84982083868896,39.97167052193741
Tue Dec 02 2025 16:41:00 GMT+0530 (India Standard Time),5.178508639373623,54.83982496639623,39.981666394230146
Tue Dec 02 2025 16:42:00 GMT+0530 (India Standard Time),5.178743836368747,54.8390017769133,39.982254386717955
Tue Dec 02 2025 16:43:00 GMT+0530 (India Standard Time),5.178743836368747,54.829123503118126,39.99213266051313
Tue Dec 02 2025 16:44:00 GMT+0530 (India Standard Time),5.178743836368747,54.84594008826943,39.975316075361825
Tue Dec 02 2025 16:45:00 GMT+0530 (India Standard Time),5.178743836368747,54.839060576162076,39.98219558746917
Tue Dec 02 2025 16:46:00 GMT+0530 (India Standard Time),5.178743836368747,54.8390017769133,39.982254386717955
Tue Dec 02 2025 16:47:00 GMT+0530 (India Standard Time),5.178861434866308,54.84929164544994,39.971846919683756
Tue Dec 02 2025 16:48:00 GMT+0530 (India Standard Time),5.179802222846801,54.7422182134201,40.077979563733095
Tue Dec 02 2025 16:49:00 GMT+0530 (India Standard Time),5.179802222846801,54.81342410369365,40.00677367345955
Tue Dec 02 2025 16:50:00 GMT+0530 (India Standard Time),5.179802222846801,54.79631352229844,40.02388425485476
Tue Dec 02 2025 16:51:00 GMT+0530 (India Standard Time),5.179919821344362,54.802487443420425,40.01759273523521
Tue Dec 02 2025 16:52:00 GMT+0530 (India Standard Time),5.179919821344362,54.800429469713094,40.01965070894254
Tue Dec 02 2025 16:53:00 GMT+0530 (India Standard Time),5.180037419841924,54.78596485451302,40.03399772564506
Tue Dec 02 2025 16:54:00 GMT+0530 (India Standard Time),5.180037419841924,54.86557903736222,39.95438354279586
Tue Dec 02 2025 16:55:00 GMT+0530 (India Standard Time),5.180213817588267,54.80824976980094,40.011536412610795
Tue Dec 02 2025 16:56:00 GMT+0530 (India Standard Time),5.180331416085828,54.76003438580069,40.059634198113486
Tue Dec 02 2025 16:57:00 GMT+0530 (India Standard Time),5.18044901458339,54.72504883277611,40.094502152640494
Tue Dec 02 2025 16:58:00 GMT+0530 (India Standard Time),5.18044901458339,54.71581735071753,40.10373363469908
Tue Dec 02 2025 16:59:00 GMT+0530 (India Standard Time),5.18044901458339,54.69647239786865,40.123078587547965
Tue Dec 02 2025 17:00:00 GMT+0530 (India Standard Time),5.18044901458339,54.84135374686453,39.97819723855208
Tue Dec 02 2025 17:01:00 GMT+0530 (India Standard Time),5.18044901458339,54.8371790002011,39.982371985215515
Tue Dec 02 2025 17:02:00 GMT+0530 (India Standard Time),5.180566613080951,54.86634342759637,39.95308995932268
Tue Dec 02 2025 17:03:00 GMT+0530 (India Standard Time),5.180566613080951,54.88574717969403,39.933686207225016
Tue Dec 02 2025 17:04:00 GMT+0530 (India Standard Time),5.180566613080951,54.919674346240555,39.8997590406785
Tue Dec 02 2025 17:05:00 GMT+0530 (India Standard Time),5.180566613080951,54.90462173855267,39.91481164836638
Tue Dec 02 2025 17:06:00 GMT+0530 (India Standard Time),5.180566613080951,54.90338695432827,39.916046432590775
Tue Dec 02 2025 17:07:00 GMT+0530 (India Standard Time),5.180684211578513,54.96542016179201,39.85389562662947
Tue Dec 02 2025 17:08:00 GMT+0530 (India Standard Time),5.180684211578513,54.96747813549934,39.85183765292214
Tue Dec 02 2025 17:09:00 GMT+0530 (India Standard Time),5.180801810076074,54.96494976780177,39.85424842212216
Tue Dec 02 2025 17:10:00 GMT+0530 (India Standard Time),5.180801810076074,54.888216748142824,39.9309814417811
Tue Dec 02 2025 17:11:00 GMT+0530 (India Standard Time),5.180801810076074,54.890509918845275,39.92868827107865
Tue Dec 02 2025 17:12:00 GMT+0530 (India Standard Time),5.180919408573636,54.86252147642562,39.95655911500074
Tue Dec 02 2025 17:13:00 GMT+0530 (India Standard Time),5.180919408573636,54.879455660074484,39.93962493135188
Tue Dec 02 2025 17:14:00 GMT+0530 (India Standard Time),5.180919408573636,54.89056871809406,39.928511873332305
Tue Dec 02 2025 17:15:00 GMT+0530 (India Standard Time),5.180919408573636,54.89086271433796,39.9282178770884
Tue Dec 02 2025 17:16:00 GMT+0530 (India Standard Time),5.180919408573636,54.88851074438673,39.930569847039635
Tue Dec 02 2025 17:17:00 GMT+0530 (India Standard Time),5.181037007071198,54.89439066926481,39.924572323663995
Tue Dec 02 2025 17:18:00 GMT+0530 (India Standard Time),5.181037007071198,54.90262256409412,39.91634042883468
Tue Dec 02 2025 17:19:00 GMT+0530 (India Standard Time),5.222255280466537,54.8671666170793,39.91057810245416
Tue Dec 02 2025 17:20:00 GMT+0530 (India Standard Time),5.265649126066766,54.872399750220794,39.861951123712444
Tue Dec 02 2025 17:21:00 GMT+0530 (India Standard Time),5.265649126066766,54.83923697390842,39.89511390002481
Tue Dec 02 2025 17:22:00 GMT+0530 (India Standard Time),5.265766724564327,54.843352921323074,39.890880354112596
Tue Dec 02 2025 17:23:00 GMT+0530 (India Standard Time),5.265766724564327,54.84476410329382,39.88946917214186
Tue Dec 02 2025 17:24:00 GMT+0530 (India Standard Time),5.265884323061888,54.839648568649885,39.894467108288225
Tue Dec 02 2025 17:25:00 GMT+0530 (India Standard Time),5.265884323061888,54.833180651283996,39.900935025654114
Tue Dec 02 2025 17:26:00 GMT+0530 (India Standard Time),5.265884323061888,54.821185604532715,39.912930072405395
Tue Dec 02 2025 17:27:00 GMT+0530 (India Standard Time),5.26600192155945,54.821185604532715,39.912812473907834
Tue Dec 02 2025 17:28:00 GMT+0530 (India Standard Time),5.26600192155945,54.81765764960587,39.91634042883468
Tue Dec 02 2025 17:29:00 GMT+0530 (India Standard Time),5.26600192155945,54.80636819383996,39.92762988460059
Tue Dec 02 2025 17:30:00 GMT+0530 (India Standard Time),5.26600192155945,54.8166580623766,39.91734001606395
Tue Dec 02 2025 17:31:00 GMT+0530 (India Standard Time),5.26600192155945,54.82812391588885,39.9058741625517
Tue Dec 02 2025 17:32:00 GMT+0530 (India Standard Time),5.2661195200570114,54.825595548191274,39.90828493175171
Tue Dec 02 2025 17:33:00 GMT+0530 (India Standard Time),5.2661195200570114,54.820480013547346,39.91340046639564
Tue Dec 02 2025 17:34:00 GMT+0530 (India Standard Time),5.2661195200570114,54.85458357784021,39.87929690210278
Tue Dec 02 2025 17:35:00 GMT+0530 (India Standard Time),5.2661195200570114,54.82741832490348,39.906462155039506