TimeSeries ID,database/network/received_bytes_count.cloudsql_database.ALIGN_RATE.REDUCE_SUM.metric.type="cloudsql.googleapis.com/database/network/received_bytes_count" resource.type="cloudsql_database" AND resource.labels."database_id"="data-rainfall-476920-v0:quizapp-postgres-prod" AND resource.labels."project_id"="data-rainfall-476920-v0".database_id:data-rainfall-476920-v0:quizapp-postgres-prod.project_id:data-rainfall-476920-v0
project_id,data-rainfall-476920-v0
database_id,data-rainfall-476920-v0:quizapp-postgres-prod
Tue Dec 02 2025 11:37:00 GMT+0530 (India Standard Time),9413.6
Tue Dec 02 2025 11:38:00 GMT+0530 (India Standard Time),9367.633333333333
Tue Dec 02 2025 11:39:00 GMT+0530 (India Standard Time),14815.033333333333
Tue Dec 02 2025 11:40:00 GMT+0530 (India Standard Time),9202.4
Tue Dec 02 2025 11:41:00 GMT+0530 (India Standard Time),9201.45
Tue Dec 02 2025 11:42:00 GMT+0530 (India Standard Time),9164.066666666668
Tue Dec 02 2025 11:43:00 GMT+0530 (India Standard Time),9269.25
Tue Dec 02 2025 11:44:00 GMT+0530 (India Standard Time),9337.633333333333
Tue Dec 02 2025 11:45:00 GMT+0530 (India Standard Time),14234.833333333334
Tue Dec 02 2025 11:46:00 GMT+0530 (India Standard Time),9836.133333333333
Tue Dec 02 2025 11:47:00 GMT+0530 (India Standard Time),9235.85
Tue Dec 02 2025 11:48:00 GMT+0530 (India Standard Time),9157.383333333333
Tue Dec 02 2025 11:49:00 GMT+0530 (India Standard Time),16432.516666666666
Tue Dec 02 2025 11:50:00 GMT+0530 (India Standard Time),10863.283333333333
Tue Dec 02 2025 11:51:00 GMT+0530 (India Standard Time),9898.933333333332
Tue Dec 02 2025 11:52:00 GMT+0530 (India Standard Time),9537.483333333334
Tue Dec 02 2025 11:53:00 GMT+0530 (India Standard Time),9332.6
Tue Dec 02 2025 11:54:00 GMT+0530 (India Standard Time),9610.9
Tue Dec 02 2025 11:55:00 GMT+0530 (India Standard Time),15211.05
Tue Dec 02 2025 11:56:00 GMT+0530 (India Standard Time),9639.6
Tue Dec 02 2025 11:57:00 GMT+0530 (India Standard Time),10162.933333333332
Tue Dec 02 2025 11:58:00 GMT+0530 (India Standard Time),9967.133333333333
Tue Dec 02 2025 11:59:00 GMT+0530 (India Standard Time),10377.166666666666
Tue Dec 02 2025 12:00:00 GMT+0530 (India Standard Time),15816.25
Tue Dec 02 2025 12:01:00 GMT+0530 (India Standard Time),10047.55
Tue Dec 02 2025 12:02:00 GMT+0530 (India Standard Time),9162.166666666666
Tue Dec 02 2025 12:03:00 GMT+0530 (India Standard Time),9531.8
Tue Dec 02 2025 12:04:00 GMT+0530 (India Standard Time),10006.966666666667
Tue Dec 02 2025 12:05:00 GMT+0530 (India Standard Time),14177.05
Tue Dec 02 2025 12:06:00 GMT+0530 (India Standard Time),10098.583333333334
Tue Dec 02 2025 12:07:00 GMT+0530 (India Standard Time),9885.766666666666
Tue Dec 02 2025 12:08:00 GMT+0530 (India Standard Time),9418.633333333333
Tue Dec 02 2025 12:09:00 GMT+0530 (India Standard Time),11730.333333333334
Tue Dec 02 2025 12:10:00 GMT+0530 (India Standard Time),14813.9
Tue Dec 02 2025 12:11:00 GMT+0530 (India Standard Time),10639.483333333334
Tue Dec 02 2025 12:12:00 GMT+0530 (India Standard Time),9189.15
Tue Dec 02 2025 12:13:00 GMT+0530 (India Standard Time),9622.083333333334
Tue Dec 02 2025 12:14:00 GMT+0530 (India Standard Time),9406.333333333334
Tue Dec 02 2025 12:15:00 GMT+0530 (India Standard Time),14828.883333333333
Tue Dec 02 2025 12:16:00 GMT+0530 (India Standard Time),11399.6
Tue Dec 02 2025 12:17:00 GMT+0530 (India Standard Time),10988.533333333333
Tue Dec 02 2025 12:18:00 GMT+0530 (India Standard Time),9440.133333333333
Tue Dec 02 2025 12:19:00 GMT+0530 (India Standard Time),9316.583333333334
Tue Dec 02 2025 12:20:00 GMT+0530 (India Standard Time),10989.366666666667
Tue Dec 02 2025 12:21:00 GMT+0530 (India Standard Time),16351.25
Tue Dec 02 2025 12:22:00 GMT+0530 (India Standard Time),10780.333333333334
Tue Dec 02 2025 12:23:00 GMT+0530 (India Standard Time),9847.6
Tue Dec 02 2025 12:24:00 GMT+0530 (India Standard Time),10372.416666666666
Tue Dec 02 2025 12:25:00 GMT+0530 (India Standard Time),18857.5
Tue Dec 02 2025 12:26:00 GMT+0530 (India Standard Time),19484.4
Tue Dec 02 2025 12:27:00 GMT+0530 (India Standard Time),13711.8
Tue Dec 02 2025 12:28:00 GMT+0530 (India Standard Time),12852.25
Tue Dec 02 2025 12:29:00 GMT+0530 (India Standard Time),11448.583333333334
Tue Dec 02 2025 12:30:00 GMT+0530 (India Standard Time),11824.65
Tue Dec 02 2025 12:31:00 GMT+0530 (India Standard Time),9682.783333333333
Tue Dec 02 2025 12:32:00 GMT+0530 (India Standard Time),9991.816666666668
Tue Dec 02 2025 12:33:00 GMT+0530 (India Standard Time),9410.9
Tue Dec 02 2025 12:34:00 GMT+0530 (India Standard Time),9846.6
Tue Dec 02 2025 12:35:00 GMT+0530 (India Standard Time),9795.616666666667
Tue Dec 02 2025 12:36:00 GMT+0530 (India Standard Time),16783.1
Tue Dec 02 2025 12:37:00 GMT+0530 (India Standard Time),14453.283333333333
Tue Dec 02 2025 12:38:00 GMT+0530 (India Standard Time),13140.216666666667
Tue Dec 02 2025 12:39:00 GMT+0530 (India Standard Time),11668.133333333333
Tue Dec 02 2025 12:40:00 GMT+0530 (India Standard Time),23956.8
Tue Dec 02 2025 12:41:00 GMT+0530 (India Standard Time),14185.466666666667
Tue Dec 02 2025 12:42:00 GMT+0530 (India Standard Time),19200.866666666665
Tue Dec 02 2025 12:43:00 GMT+0530 (India Standard Time),11224.433333333332
Tue Dec 02 2025 12:44:00 GMT+0530 (India Standard Time),11816.383333333333
Tue Dec 02 2025 12:45:00 GMT+0530 (India Standard Time),11181.216666666667
Tue Dec 02 2025 12:46:00 GMT+0530 (India Standard Time),13621.783333333333
Tue Dec 02 2025 12:47:00 GMT+0530 (India Standard Time),20474.183333333334
Tue Dec 02 2025 12:48:00 GMT+0530 (India Standard Time),15010.816666666668
Tue Dec 02 2025 12:49:00 GMT+0530 (India Standard Time),10592.583333333334
Tue Dec 02 2025 12:50:00 GMT+0530 (India Standard Time),11607.75
Tue Dec 02 2025 12:51:00 GMT+0530 (India Standard Time),12931.316666666668
Tue Dec 02 2025 12:52:00 GMT+0530 (India Standard Time),9427.966666666667
Tue Dec 02 2025 12:53:00 GMT+0530 (India Standard Time),9640.3
Tue Dec 02 2025 12:54:00 GMT+0530 (India Standard Time),10009.35
Tue Dec 02 2025 12:55:00 GMT+0530 (India Standard Time),10434.15
Tue Dec 02 2025 12:56:00 GMT+0530 (India Standard Time),11517.55
Tue Dec 02 2025 12:57:00 GMT+0530 (India Standard Time),19339.583333333332
Tue Dec 02 2025 12:58:00 GMT+0530 (India Standard Time),9423.3
Tue Dec 02 2025 12:59:00 GMT+0530 (India Standard Time),9482.466666666667
Tue Dec 02 2025 13:00:00 GMT+0530 (India Standard Time),9396.233333333334
Tue Dec 02 2025 13:01:00 GMT+0530 (India Standard Time),9474.566666666668
Tue Dec 02 2025 13:02:00 GMT+0530 (India Standard Time),9503.55
Tue Dec 02 2025 13:03:00 GMT+0530 (India Standard Time),9503.716666666667
Tue Dec 02 2025 13:04:00 GMT+0530 (India Standard Time),9477.95
Tue Dec 02 2025 13:05:00 GMT+0530 (India Standard Time),10907.9
Tue Dec 02 2025 13:06:00 GMT+0530 (India Standard Time),12820.283333333333
Tue Dec 02 2025 13:07:00 GMT+0530 (India Standard Time),15605.816666666668
Tue Dec 02 2025 13:08:00 GMT+0530 (India Standard Time),12282.133333333333
Tue Dec 02 2025 13:09:00 GMT+0530 (India Standard Time),8309.883333333333
Tue Dec 02 2025 13:10:00 GMT+0530 (India Standard Time),9185.4
Tue Dec 02 2025 13:11:00 GMT+0530 (India Standard Time),8640.15
Tue Dec 02 2025 13:12:00 GMT+0530 (India Standard Time),9182.466666666667
Tue Dec 02 2025 13:13:00 GMT+0530 (India Standard Time),8440.3
Tue Dec 02 2025 13:14:00 GMT+0530 (India Standard Time),8536.883333333333
Tue Dec 02 2025 13:15:00 GMT+0530 (India Standard Time),8423.716666666667
Tue Dec 02 2025 13:16:00 GMT+0530 (India Standard Time),9880.816666666668
Tue Dec 02 2025 13:17:00 GMT+0530 (India Standard Time),13690.116666666667
Tue Dec 02 2025 13:18:00 GMT+0530 (India Standard Time),15136.1
Tue Dec 02 2025 13:19:00 GMT+0530 (India Standard Time),9508.216666666667
Tue Dec 02 2025 13:20:00 GMT+0530 (India Standard Time),9616.766666666666
Tue Dec 02 2025 13:21:00 GMT+0530 (India Standard Time),14997.816666666668
Tue Dec 02 2025 13:22:00 GMT+0530 (India Standard Time),13365.033333333333
Tue Dec 02 2025 13:23:00 GMT+0530 (India Standard Time),12406.966666666667
Tue Dec 02 2025 13:24:00 GMT+0530 (India Standard Time),10172.1
Tue Dec 02 2025 13:25:00 GMT+0530 (India Standard Time),11064.533333333333
Tue Dec 02 2025 13:26:00 GMT+0530 (India Standard Time),12992.733333333334
Tue Dec 02 2025 13:27:00 GMT+0530 (India Standard Time),17073.016666666666
Tue Dec 02 2025 13:28:00 GMT+0530 (India Standard Time),13726.816666666668
Tue Dec 02 2025 13:29:00 GMT+0530 (India Standard Time),19965.1
Tue Dec 02 2025 13:30:00 GMT+0530 (India Standard Time),14452.366666666667
Tue Dec 02 2025 13:31:00 GMT+0530 (India Standard Time),13100.483333333334
Tue Dec 02 2025 13:32:00 GMT+0530 (India Standard Time),13112.533333333333
Tue Dec 02 2025 13:33:00 GMT+0530 (India Standard Time),11474.466666666667
Tue Dec 02 2025 13:34:00 GMT+0530 (India Standard Time),11207.983333333334
Tue Dec 02 2025 13:35:00 GMT+0530 (India Standard Time),12429.883333333333
Tue Dec 02 2025 13:36:00 GMT+0530 (India Standard Time),12060.05
Tue Dec 02 2025 13:37:00 GMT+0530 (India Standard Time),16508.866666666665
Tue Dec 02 2025 13:38:00 GMT+0530 (India Standard Time),12620.366666666667
Tue Dec 02 2025 13:39:00 GMT+0530 (India Standard Time),18571.016666666666
Tue Dec 02 2025 13:40:00 GMT+0530 (India Standard Time),13383.333333333334
Tue Dec 02 2025 13:41:00 GMT+0530 (India Standard Time),12552.183333333332
Tue Dec 02 2025 13:42:00 GMT+0530 (India Standard Time),10529.816666666668
Tue Dec 02 2025 13:43:00 GMT+0530 (India Standard Time),12878
Tue Dec 02 2025 13:44:00 GMT+0530 (India Standard Time),13184.2
Tue Dec 02 2025 13:45:00 GMT+0530 (India Standard Time),12962.033333333333
Tue Dec 02 2025 13:46:00 GMT+0530 (India Standard Time),14501.733333333334
Tue Dec 02 2025 13:47:00 GMT+0530 (India Standard Time),17360.883333333335
Tue Dec 02 2025 13:48:00 GMT+0530 (India Standard Time),15714.966666666667
Tue Dec 02 2025 13:49:00 GMT+0530 (India Standard Time),15187.35
Tue Dec 02 2025 13:50:00 GMT+0530 (India Standard Time),18467.283333333333
Tue Dec 02 2025 13:51:00 GMT+0530 (India Standard Time),14515.666666666666
Tue Dec 02 2025 13:52:00 GMT+0530 (India Standard Time),27591.866666666665
Tue Dec 02 2025 13:53:00 GMT+0530 (India Standard Time),22039.766666666666
Tue Dec 02 2025 13:54:00 GMT+0530 (India Standard Time),25664.9
Tue Dec 02 2025 13:55:00 GMT+0530 (India Standard Time),9703.95
Tue Dec 02 2025 13:56:00 GMT+0530 (India Standard Time),12788.2
Tue Dec 02 2025 13:57:00 GMT+0530 (India Standard Time),32938.23333333333
Tue Dec 02 2025 13:58:00 GMT+0530 (India Standard Time),10827.95
Tue Dec 02 2025 13:59:00 GMT+0530 (India Standard Time),20432.483333333334
Tue Dec 02 2025 14:00:00 GMT+0530 (India Standard Time),18607.783333333333
Tue Dec 02 2025 14:01:00 GMT+0530 (India Standard Time),17324.5
Tue Dec 02 2025 14:02:00 GMT+0530 (India Standard Time),13477.666666666666
Tue Dec 02 2025 14:03:00 GMT+0530 (India Standard Time),17628.133333333335
Tue Dec 02 2025 14:04:00 GMT+0530 (India Standard Time),9374.516666666666
Tue Dec 02 2025 14:05:00 GMT+0530 (India Standard Time),9022.666666666666
Tue Dec 02 2025 14:06:00 GMT+0530 (India Standard Time),11127.45
Tue Dec 02 2025 14:07:00 GMT+0530 (India Standard Time),14346.4
Tue Dec 02 2025 14:08:00 GMT+0530 (India Standard Time),10279.3
Tue Dec 02 2025 14:09:00 GMT+0530 (India Standard Time),10417.333333333334
Tue Dec 02 2025 14:10:00 GMT+0530 (India Standard Time),13909.516666666666
Tue Dec 02 2025 14:11:00 GMT+0530 (India Standard Time),21116.4
Tue Dec 02 2025 14:12:00 GMT+0530 (India Standard Time),15652.666666666666
Tue Dec 02 2025 14:13:00 GMT+0530 (India Standard Time),34870.46666666667
Tue Dec 02 2025 14:14:00 GMT+0530 (India Standard Time),74443.58333333333
Tue Dec 02 2025 14:15:00 GMT+0530 (India Standard Time),75552.16666666667
Tue Dec 02 2025 14:16:00 GMT+0530 (India Standard Time),86626.63333333333
Tue Dec 02 2025 14:17:00 GMT+0530 (India Standard Time),135685.2
Tue Dec 02 2025 14:18:00 GMT+0530 (India Standard Time),195234.41666666666
Tue Dec 02 2025 14:19:00 GMT+0530 (India Standard Time),186328
Tue Dec 02 2025 14:20:00 GMT+0530 (India Standard Time),179320.9
Tue Dec 02 2025 14:21:00 GMT+0530 (India Standard Time),195884.13333333333
Tue Dec 02 2025 14:22:00 GMT+0530 (India Standard Time),186888.28333333333
Tue Dec 02 2025 14:23:00 GMT+0530 (India Standard Time),192176.98333333334
Tue Dec 02 2025 14:24:00 GMT+0530 (India Standard Time),171979.01666666666
Tue Dec 02 2025 14:25:00 GMT+0530 (India Standard Time),175185.01666666666
Tue Dec 02 2025 14:26:00 GMT+0530 (India Standard Time),212560.75
Tue Dec 02 2025 14:27:00 GMT+0530 (India Standard Time),222793.36666666667
Tue Dec 02 2025 14:28:00 GMT+0530 (India Standard Time),196135
Tue Dec 02 2025 14:29:00 GMT+0530 (India Standard Time),209324.45
Tue Dec 02 2025 14:30:00 GMT+0530 (India Standard Time),212529.35
Tue Dec 02 2025 14:31:00 GMT+0530 (India Standard Time),194247.9
Tue Dec 02 2025 14:32:00 GMT+0530 (India Standard Time),223619.36666666667
Tue Dec 02 2025 14:33:00 GMT+0530 (India Standard Time),219382.7
Tue Dec 02 2025 14:34:00 GMT+0530 (India Standard Time),236614.56666666668
Tue Dec 02 2025 14:35:00 GMT+0530 (India Standard Time),230973.58333333334
Tue Dec 02 2025 14:36:00 GMT+0530 (India Standard Time),219798.71666666667
Tue Dec 02 2025 14:37:00 GMT+0530 (India Standard Time),207480
Tue Dec 02 2025 14:38:00 GMT+0530 (India Standard Time),193069.03333333333
Tue Dec 02 2025 14:39:00 GMT+0530 (India Standard Time),223078.33333333334
Tue Dec 02 2025 14:40:00 GMT+0530 (India Standard Time),241006.98333333334
Tue Dec 02 2025 14:41:00 GMT+0530 (India Standard Time),233592.31666666668
Tue Dec 02 2025 14:42:00 GMT+0530 (India Standard Time),229303.68333333332
Tue Dec 02 2025 14:43:00 GMT+0530 (India Standard Time),233071.75
Tue Dec 02 2025 14:44:00 GMT+0530 (India Standard Time),283119.05
Tue Dec 02 2025 14:45:00 GMT+0530 (India Standard Time),210520.2
Tue Dec 02 2025 14:46:00 GMT+0530 (India Standard Time),215175.75
Tue Dec 02 2025 14:47:00 GMT+0530 (India Standard Time),233319.51666666666
Tue Dec 02 2025 14:48:00 GMT+0530 (India Standard Time),211159.05
Tue Dec 02 2025 14:49:00 GMT+0530 (India Standard Time),138636.75
Tue Dec 02 2025 14:50:00 GMT+0530 (India Standard Time),99463.1
Tue Dec 02 2025 14:51:00 GMT+0530 (India Standard Time),49502.566666666666
Tue Dec 02 2025 14:52:00 GMT+0530 (India Standard Time),46230.35
Tue Dec 02 2025 14:53:00 GMT+0530 (India Standard Time),54335.2
Tue Dec 02 2025 14:54:00 GMT+0530 (India Standard Time),48860.51666666667
Tue Dec 02 2025 14:55:00 GMT+0530 (India Standard Time),62778.25
Tue Dec 02 2025 14:56:00 GMT+0530 (India Standard Time),63646
Tue Dec 02 2025 14:57:00 GMT+0530 (India Standard Time),22034.183333333334
Tue Dec 02 2025 14:58:00 GMT+0530 (India Standard Time),18177.25
Tue Dec 02 2025 14:59:00 GMT+0530 (India Standard Time),15990.85
Tue Dec 02 2025 15:00:00 GMT+0530 (India Standard Time),13826.5
Tue Dec 02 2025 15:01:00 GMT+0530 (India Standard Time),14148.183333333332
Tue Dec 02 2025 15:02:00 GMT+0530 (India Standard Time),14283.983333333334
Tue Dec 02 2025 15:03:00 GMT+0530 (India Standard Time),20961.016666666666
Tue Dec 02 2025 15:04:00 GMT+0530 (India Standard Time),17078.083333333332
Tue Dec 02 2025 15:05:00 GMT+0530 (India Standard Time),16695.116666666665
Tue Dec 02 2025 15:06:00 GMT+0530 (India Standard Time),17355.683333333334
Tue Dec 02 2025 15:07:00 GMT+0530 (India Standard Time),18859.183333333334
Tue Dec 02 2025 15:08:00 GMT+0530 (India Standard Time),17488.483333333334
Tue Dec 02 2025 15:09:00 GMT+0530 (India Standard Time),15999.95
Tue Dec 02 2025 15:10:00 GMT+0530 (India Standard Time),14250.7
Tue Dec 02 2025 15:11:00 GMT+0530 (India Standard Time),14153.2
Tue Dec 02 2025 15:12:00 GMT+0530 (India Standard Time),13452.633333333333
Tue Dec 02 2025 15:13:00 GMT+0530 (India Standard Time),14795.65
Tue Dec 02 2025 15:14:00 GMT+0530 (India Standard Time),18240.05
Tue Dec 02 2025 15:15:00 GMT+0530 (India Standard Time),13458.316666666668
Tue Dec 02 2025 15:16:00 GMT+0530 (India Standard Time),13982.566666666668
Tue Dec 02 2025 15:17:00 GMT+0530 (India Standard Time),85057.33333333333
Tue Dec 02 2025 15:18:00 GMT+0530 (India Standard Time),135468.86666666667
Tue Dec 02 2025 15:19:00 GMT+0530 (India Standard Time),13633.316666666668
Tue Dec 02 2025 15:20:00 GMT+0530 (India Standard Time),12776.516666666666
Tue Dec 02 2025 15:21:00 GMT+0530 (India Standard Time),13102.066666666668
Tue Dec 02 2025 15:22:00 GMT+0530 (India Standard Time),12832.883333333333
Tue Dec 02 2025 15:23:00 GMT+0530 (India Standard Time),12974.75
Tue Dec 02 2025 15:24:00 GMT+0530 (India Standard Time),20330.983333333334
Tue Dec 02 2025 15:25:00 GMT+0530 (India Standard Time),13575.8
Tue Dec 02 2025 15:26:00 GMT+0530 (India Standard Time),13829.816666666668
Tue Dec 02 2025 15:27:00 GMT+0530 (India Standard Time),16422.983333333334
Tue Dec 02 2025 15:28:00 GMT+0530 (India Standard Time),12491.45
Tue Dec 02 2025 15:29:00 GMT+0530 (India Standard Time),13550.316666666668
Tue Dec 02 2025 15:30:00 GMT+0530 (India Standard Time),12702
Tue Dec 02 2025 15:31:00 GMT+0530 (India Standard Time),12450.7
Tue Dec 02 2025 15:32:00 GMT+0530 (India Standard Time),14527.616666666667
Tue Dec 02 2025 15:33:00 GMT+0530 (India Standard Time),11863.2
Tue Dec 02 2025 15:34:00 GMT+0530 (India Standard Time),11272.5
Tue Dec 02 2025 15:35:00 GMT+0530 (India Standard Time),13436.033333333333
Tue Dec 02 2025 15:36:00 GMT+0530 (India Standard Time),60603.3
Tue Dec 02 2025 15:37:00 GMT+0530 (India Standard Time),26478.583333333332
Tue Dec 02 2025 15:38:00 GMT+0530 (India Standard Time),9352
Tue Dec 02 2025 15:39:00 GMT+0530 (India Standard Time),9577.816666666668
Tue Dec 02 2025 15:40:00 GMT+0530 (India Standard Time),10199.633333333333
Tue Dec 02 2025 15:41:00 GMT+0530 (India Standard Time),9612.133333333333
Tue Dec 02 2025 15:42:00 GMT+0530 (India Standard Time),9451.133333333333
Tue Dec 02 2025 15:43:00 GMT+0530 (India Standard Time),9034.733333333334
Tue Dec 02 2025 15:44:00 GMT+0530 (India Standard Time),9366.666666666666
Tue Dec 02 2025 15:45:00 GMT+0530 (India Standard Time),16016.516666666666
Tue Dec 02 2025 15:46:00 GMT+0530 (India Standard Time),10465.183333333332
Tue Dec 02 2025 15:47:00 GMT+0530 (India Standard Time),13014.3
Tue Dec 02 2025 15:48:00 GMT+0530 (India Standard Time),9117.05
Tue Dec 02 2025 15:49:00 GMT+0530 (India Standard Time),9139
Tue Dec 02 2025 15:50:00 GMT+0530 (India Standard Time),9152.716666666667
Tue Dec 02 2025 15:51:00 GMT+0530 (India Standard Time),9240.85
Tue Dec 02 2025 15:52:00 GMT+0530 (India Standard Time),9128.583333333334
Tue Dec 02 2025 15:53:00 GMT+0530 (India Standard Time),9102.8
Tue Dec 02 2025 15:54:00 GMT+0530 (India Standard Time),9173.283333333333
Tue Dec 02 2025 15:55:00 GMT+0530 (India Standard Time),11344.9
Tue Dec 02 2025 15:56:00 GMT+0530 (India Standard Time),14976.316666666668
Tue Dec 02 2025 15:57:00 GMT+0530 (India Standard Time),13050.016666666666
Tue Dec 02 2025 15:58:00 GMT+0530 (India Standard Time),9255.916666666666
Tue Dec 02 2025 15:59:00 GMT+0530 (India Standard Time),10824.266666666666
Tue Dec 02 2025 16:00:00 GMT+0530 (India Standard Time),12160.166666666666
Tue Dec 02 2025 16:01:00 GMT+0530 (India Standard Time),10414.716666666667
Tue Dec 02 2025 16:02:00 GMT+0530 (India Standard Time),9316.716666666667
Tue Dec 02 2025 16:03:00 GMT+0530 (India Standard Time),9163.7
Tue Dec 02 2025 16:04:00 GMT+0530 (India Standard Time),9074.116666666667
Tue Dec 02 2025 16:05:00 GMT+0530 (India Standard Time),9195.4
Tue Dec 02 2025 16:06:00 GMT+0530 (India Standard Time),16091.933333333332
Tue Dec 02 2025 16:07:00 GMT+0530 (India Standard Time),13037.733333333334
Tue Dec 02 2025 16:08:00 GMT+0530 (India Standard Time),9084.216666666667
Tue Dec 02 2025 16:09:00 GMT+0530 (India Standard Time),9081.083333333334
Tue Dec 02 2025 16:10:00 GMT+0530 (India Standard Time),9723.65
Tue Dec 02 2025 16:11:00 GMT+0530 (India Standard Time),9439.666666666666
Tue Dec 02 2025 16:12:00 GMT+0530 (India Standard Time),9273.366666666667
Tue Dec 02 2025 16:13:00 GMT+0530 (India Standard Time),9264.1
Tue Dec 02 2025 16:14:00 GMT+0530 (India Standard Time),9071.533333333333
Tue Dec 02 2025 16:15:00 GMT+0530 (India Standard Time),9171.266666666666
Tue Dec 02 2025 16:16:00 GMT+0530 (India Standard Time),11776.283333333333
Tue Dec 02 2025 16:17:00 GMT+0530 (India Standard Time),17296.533333333333
Tue Dec 02 2025 16:18:00 GMT+0530 (India Standard Time),9130.866666666667
Tue Dec 02 2025 16:19:00 GMT+0530 (India Standard Time),9287.833333333334
Tue Dec 02 2025 16:20:00 GMT+0530 (India Standard Time),9028.316666666668
Tue Dec 02 2025 16:21:00 GMT+0530 (India Standard Time),9167.166666666666
Tue Dec 02 2025 16:22:00 GMT+0530 (India Standard Time),9193.466666666667
Tue Dec 02 2025 16:23:00 GMT+0530 (India Standard Time),9291.683333333332
Tue Dec 02 2025 16:24:00 GMT+0530 (India Standard Time),9318.9
Tue Dec 02 2025 16:25:00 GMT+0530 (India Standard Time),9985.383333333333
Tue Dec 02 2025 16:26:00 GMT+0530 (India Standard Time),10721.2
Tue Dec 02 2025 16:27:00 GMT+0530 (India Standard Time),18891.066666666666
Tue Dec 02 2025 16:28:00 GMT+0530 (India Standard Time),9168.683333333332
Tue Dec 02 2025 16:29:00 GMT+0530 (India Standard Time),9736.366666666667
Tue Dec 02 2025 16:30:00 GMT+0530 (India Standard Time),9871.683333333332
Tue Dec 02 2025 16:31:00 GMT+0530 (India Standard Time),9421.683333333332
Tue Dec 02 2025 16:32:00 GMT+0530 (India Standard Time),9619.55
Tue Dec 02 2025 16:33:00 GMT+0530 (India Standard Time),9513.45
Tue Dec 02 2025 16:34:00 GMT+0530 (India Standard Time),9767.433333333332
Tue Dec 02 2025 16:35:00 GMT+0530 (India Standard Time),9479.666666666666
Tue Dec 02 2025 16:36:00 GMT+0530 (India Standard Time),10624.45
Tue Dec 02 2025 16:37:00 GMT+0530 (India Standard Time),14788.916666666666
Tue Dec 02 2025 16:38:00 GMT+0530 (India Standard Time),13561.733333333334
Tue Dec 02 2025 16:39:00 GMT+0530 (India Standard Time),9734.616666666667
Tue Dec 02 2025 16:40:00 GMT+0530 (India Standard Time),10150.616666666667
Tue Dec 02 2025 16:41:00 GMT+0530 (India Standard Time),9613.066666666668
Tue Dec 02 2025 16:42:00 GMT+0530 (India Standard Time),9410.333333333334
Tue Dec 02 2025 16:43:00 GMT+0530 (India Standard Time),9420.816666666668
Tue Dec 02 2025 16:44:00 GMT+0530 (India Standard Time),9291.3
Tue Dec 02 2025 16:45:00 GMT+0530 (India Standard Time),9373.466666666667
Tue Dec 02 2025 16:46:00 GMT+0530 (India Standard Time),10550.166666666666
Tue Dec 02 2025 16:47:00 GMT+0530 (India Standard Time),14982.25
Tue Dec 02 2025 16:48:00 GMT+0530 (India Standard Time),77586.31666666667
Tue Dec 02 2025 16:49:00 GMT+0530 (India Standard Time),9394.133333333333
Tue Dec 02 2025 16:50:00 GMT+0530 (India Standard Time),9301.566666666668
Tue Dec 02 2025 16:51:00 GMT+0530 (India Standard Time),9380.4
Tue Dec 02 2025 16:52:00 GMT+0530 (India Standard Time),9595.2
Tue Dec 02 2025 16:53:00 GMT+0530 (India Standard Time),9453.433333333332
Tue Dec 02 2025 16:54:00 GMT+0530 (India Standard Time),9373.383333333333
Tue Dec 02 2025 16:55:00 GMT+0530 (India Standard Time),11973.75
Tue Dec 02 2025 16:56:00 GMT+0530 (India Standard Time),39984.166666666664
Tue Dec 02 2025 16:57:00 GMT+0530 (India Standard Time),47911.63333333333
Tue Dec 02 2025 16:58:00 GMT+0530 (India Standard Time),10846.083333333334
Tue Dec 02 2025 16:59:00 GMT+0530 (India Standard Time),13474.9
Tue Dec 02 2025 17:00:00 GMT+0530 (India Standard Time),9524.866666666667
Tue Dec 02 2025 17:01:00 GMT+0530 (India Standard Time),9294.533333333333
Tue Dec 02 2025 17:02:00 GMT+0530 (India Standard Time),9382.216666666667
Tue Dec 02 2025 17:03:00 GMT+0530 (India Standard Time),9391.55
Tue Dec 02 2025 17:04:00 GMT+0530 (India Standard Time),9710.35
Tue Dec 02 2025 17:05:00 GMT+0530 (India Standard Time),9386.616666666667
Tue Dec 02 2025 17:06:00 GMT+0530 (India Standard Time),10561.916666666666
Tue Dec 02 2025 17:07:00 GMT+0530 (India Standard Time),13365.6
Tue Dec 02 2025 17:08:00 GMT+0530 (India Standard Time),9147.066666666668
Tue Dec 02 2025 17:09:00 GMT+0530 (India Standard Time),15304.25
Tue Dec 02 2025 17:10:00 GMT+0530 (India Standard Time),10446.566666666668
Tue Dec 02 2025 17:11:00 GMT+0530 (India Standard Time),10004.633333333333
Tue Dec 02 2025 17:12:00 GMT+0530 (India Standard Time),9730.2
Tue Dec 02 2025 17:13:00 GMT+0530 (India Standard Time),9318.116666666667
Tue Dec 02 2025 17:14:00 GMT+0530 (India Standard Time),9525.166666666666
Tue Dec 02 2025 17:15:00 GMT+0530 (India Standard Time),9434.05
Tue Dec 02 2025 17:16:00 GMT+0530 (India Standard Time),10484.616666666667
Tue Dec 02 2025 17:17:00 GMT+0530 (India Standard Time),13302.05
Tue Dec 02 2025 17:18:00 GMT+0530 (India Standard Time),10788.516666666666
Tue Dec 02 2025 17:19:00 GMT+0530 (India Standard Time),11231.133333333333
Tue Dec 02 2025 17:20:00 GMT+0530 (India Standard Time),16270.716666666667
Tue Dec 02 2025 17:21:00 GMT+0530 (India Standard Time),9777.483333333334
Tue Dec 02 2025 17:22:00 GMT+0530 (India Standard Time),9537.816666666668
Tue Dec 02 2025 17:23:00 GMT+0530 (India Standard Time),9291.966666666667
Tue Dec 02 2025 17:24:00 GMT+0530 (India Standard Time),9300.466666666667
Tue Dec 02 2025 17:25:00 GMT+0530 (India Standard Time),10419.666666666666
Tue Dec 02 2025 17:26:00 GMT+0530 (India Standard Time),10802.4
Tue Dec 02 2025 17:27:00 GMT+0530 (India Standard Time),13350.566666666668
Tue Dec 02 2025 17:28:00 GMT+0530 (India Standard Time),9682.75
Tue Dec 02 2025 17:29:00 GMT+0530 (India Standard Time),9723.433333333332
Tue Dec 02 2025 17:30:00 GMT+0530 (India Standard Time),15722.016666666666
Tue Dec 02 2025 17:31:00 GMT+0530 (India Standard Time),9728.933333333332
Tue Dec 02 2025 17:32:00 GMT+0530 (India Standard Time),9421.466666666667
Tue Dec 02 2025 17:33:00 GMT+0530 (India Standard Time),9445.8
Tue Dec 02 2025 17:34:00 GMT+0530 (India Standard Time),9931.133333333333
Tue Dec 02 2025 17:35:00 GMT+0530 (India Standard Time),9518.383333333333