TimeSeries ID,database/network/sent_bytes_count.cloudsql_database.ALIGN_RATE.REDUCE_SUM.metric.type="cloudsql.googleapis.com/database/network/sent_bytes_count" resource.type="cloudsql_database" AND resource.labels."database_id"="data-rainfall-476920-v0:quizapp-postgres-prod" AND resource.labels."project_id"="data-rainfall-476920-v0".database_id:data-rainfall-476920-v0:quizapp-postgres-prod.project_id:data-rainfall-476920-v0
database_id,data-rainfall-476920-v0:quizapp-postgres-prod
project_id,data-rainfall-476920-v0
Tue Dec 02 2025 11:37:00 GMT+0530 (India Standard Time),36703.15
Tue Dec 02 2025 11:38:00 GMT+0530 (India Standard Time),36424.6
Tue Dec 02 2025 11:39:00 GMT+0530 (India Standard Time),38592.833333333336
Tue Dec 02 2025 11:40:00 GMT+0530 (India Standard Time),36618.3
Tue Dec 02 2025 11:41:00 GMT+0530 (India Standard Time),38377.333333333336
Tue Dec 02 2025 11:42:00 GMT+0530 (India Standard Time),36524.916666666664
Tue Dec 02 2025 11:43:00 GMT+0530 (India Standard Time),36687.96666666667
Tue Dec 02 2025 11:44:00 GMT+0530 (India Standard Time),37049.01666666667
Tue Dec 02 2025 11:45:00 GMT+0530 (India Standard Time),37988.566666666666
Tue Dec 02 2025 11:46:00 GMT+0530 (India Standard Time),39713.03333333333
Tue Dec 02 2025 11:47:00 GMT+0530 (India Standard Time),36619.63333333333
Tue Dec 02 2025 11:48:00 GMT+0530 (India Standard Time),36736.2
Tue Dec 02 2025 11:49:00 GMT+0530 (India Standard Time),40036.95
Tue Dec 02 2025 11:50:00 GMT+0530 (India Standard Time),37350.11666666667
Tue Dec 02 2025 11:51:00 GMT+0530 (India Standard Time),39207.71666666667
Tue Dec 02 2025 11:52:00 GMT+0530 (India Standard Time),36770.23333333333
Tue Dec 02 2025 11:53:00 GMT+0530 (India Standard Time),37690.86666666667
Tue Dec 02 2025 11:54:00 GMT+0530 (India Standard Time),37352.433333333334
Tue Dec 02 2025 11:55:00 GMT+0530 (India Standard Time),38771.4
Tue Dec 02 2025 11:56:00 GMT+0530 (India Standard Time),39210.73333333333
Tue Dec 02 2025 11:57:00 GMT+0530 (India Standard Time),37254.933333333334
Tue Dec 02 2025 11:58:00 GMT+0530 (India Standard Time),38548.21666666667
Tue Dec 02 2025 11:59:00 GMT+0530 (India Standard Time),37657.1
Tue Dec 02 2025 12:00:00 GMT+0530 (India Standard Time),38773.01666666667
Tue Dec 02 2025 12:01:00 GMT+0530 (India Standard Time),39268.88333333333
Tue Dec 02 2025 12:02:00 GMT+0530 (India Standard Time),36517.48333333333
Tue Dec 02 2025 12:03:00 GMT+0530 (India Standard Time),37059.21666666667
Tue Dec 02 2025 12:04:00 GMT+0530 (India Standard Time),37785.53333333333
Tue Dec 02 2025 12:05:00 GMT+0530 (India Standard Time),38558.95
Tue Dec 02 2025 12:06:00 GMT+0530 (India Standard Time),39008.25
Tue Dec 02 2025 12:07:00 GMT+0530 (India Standard Time),36685.05
Tue Dec 02 2025 12:08:00 GMT+0530 (India Standard Time),37745.933333333334
Tue Dec 02 2025 12:09:00 GMT+0530 (India Standard Time),39229.666666666664
Tue Dec 02 2025 12:10:00 GMT+0530 (India Standard Time),38606.28333333333
Tue Dec 02 2025 12:11:00 GMT+0530 (India Standard Time),39160.8
Tue Dec 02 2025 12:12:00 GMT+0530 (India Standard Time),36566.15
Tue Dec 02 2025 12:13:00 GMT+0530 (India Standard Time),37001.05
Tue Dec 02 2025 12:14:00 GMT+0530 (India Standard Time),37125.63333333333
Tue Dec 02 2025 12:15:00 GMT+0530 (India Standard Time),39028.8
Tue Dec 02 2025 12:16:00 GMT+0530 (India Standard Time),40651.38333333333
Tue Dec 02 2025 12:17:00 GMT+0530 (India Standard Time),38438.78333333333
Tue Dec 02 2025 12:18:00 GMT+0530 (India Standard Time),36961.23333333333
Tue Dec 02 2025 12:19:00 GMT+0530 (India Standard Time),36779.6
Tue Dec 02 2025 12:20:00 GMT+0530 (India Standard Time),38781.76666666667
Tue Dec 02 2025 12:21:00 GMT+0530 (India Standard Time),41289.75
Tue Dec 02 2025 12:22:00 GMT+0530 (India Standard Time),38100.53333333333
Tue Dec 02 2025 12:23:00 GMT+0530 (India Standard Time),38210.36666666667
Tue Dec 02 2025 12:24:00 GMT+0530 (India Standard Time),37686.26666666667
Tue Dec 02 2025 12:25:00 GMT+0530 (India Standard Time),52564.2
Tue Dec 02 2025 12:26:00 GMT+0530 (India Standard Time),60602.95
Tue Dec 02 2025 12:27:00 GMT+0530 (India Standard Time),39745.083333333336
Tue Dec 02 2025 12:28:00 GMT+0530 (India Standard Time),38923.666666666664
Tue Dec 02 2025 12:29:00 GMT+0530 (India Standard Time),38463.23333333333
Tue Dec 02 2025 12:30:00 GMT+0530 (India Standard Time),37501.816666666666
Tue Dec 02 2025 12:31:00 GMT+0530 (India Standard Time),36219.4
Tue Dec 02 2025 12:32:00 GMT+0530 (India Standard Time),36093.1
Tue Dec 02 2025 12:33:00 GMT+0530 (India Standard Time),35040.26666666667
Tue Dec 02 2025 12:34:00 GMT+0530 (India Standard Time),37902.333333333336
Tue Dec 02 2025 12:35:00 GMT+0530 (India Standard Time),36244.9
Tue Dec 02 2025 12:36:00 GMT+0530 (India Standard Time),37985.916666666664
Tue Dec 02 2025 12:37:00 GMT+0530 (India Standard Time),38002.98333333333
Tue Dec 02 2025 12:38:00 GMT+0530 (India Standard Time),39047.73333333333
Tue Dec 02 2025 12:39:00 GMT+0530 (India Standard Time),39329.183333333334
Tue Dec 02 2025 12:40:00 GMT+0530 (India Standard Time),52408.1
Tue Dec 02 2025 12:41:00 GMT+0530 (India Standard Time),40290.03333333333
Tue Dec 02 2025 12:42:00 GMT+0530 (India Standard Time),47106.5
Tue Dec 02 2025 12:43:00 GMT+0530 (India Standard Time),37310.61666666667
Tue Dec 02 2025 12:44:00 GMT+0530 (India Standard Time),40227.96666666667
Tue Dec 02 2025 12:45:00 GMT+0530 (India Standard Time),37239.416666666664
Tue Dec 02 2025 12:46:00 GMT+0530 (India Standard Time),38659.583333333336
Tue Dec 02 2025 12:47:00 GMT+0530 (India Standard Time),41203.433333333334
Tue Dec 02 2025 12:48:00 GMT+0530 (India Standard Time),43193.333333333336
Tue Dec 02 2025 12:49:00 GMT+0530 (India Standard Time),38360.433333333334
Tue Dec 02 2025 12:50:00 GMT+0530 (India Standard Time),37936.85
Tue Dec 02 2025 12:51:00 GMT+0530 (India Standard Time),40602.21666666667
Tue Dec 02 2025 12:52:00 GMT+0530 (India Standard Time),35240.583333333336
Tue Dec 02 2025 12:53:00 GMT+0530 (India Standard Time),35841.11666666667
Tue Dec 02 2025 12:54:00 GMT+0530 (India Standard Time),37139.61666666667
Tue Dec 02 2025 12:55:00 GMT+0530 (India Standard Time),36278.8
Tue Dec 02 2025 12:56:00 GMT+0530 (India Standard Time),37184.63333333333
Tue Dec 02 2025 12:57:00 GMT+0530 (India Standard Time),38348.38333333333
Tue Dec 02 2025 12:58:00 GMT+0530 (India Standard Time),35076.21666666667
Tue Dec 02 2025 12:59:00 GMT+0530 (India Standard Time),36696.38333333333
Tue Dec 02 2025 13:00:00 GMT+0530 (India Standard Time),35045.26666666667
Tue Dec 02 2025 13:01:00 GMT+0530 (India Standard Time),35302.666666666664
Tue Dec 02 2025 13:02:00 GMT+0530 (India Standard Time),36530.01666666667
Tue Dec 02 2025 13:03:00 GMT+0530 (India Standard Time),35740.01666666667
Tue Dec 02 2025 13:04:00 GMT+0530 (India Standard Time),36401.48333333333
Tue Dec 02 2025 13:05:00 GMT+0530 (India Standard Time),37029.88333333333
Tue Dec 02 2025 13:06:00 GMT+0530 (India Standard Time),37783.6
Tue Dec 02 2025 13:07:00 GMT+0530 (India Standard Time),38273.683333333334
Tue Dec 02 2025 13:08:00 GMT+0530 (India Standard Time),34610.03333333333
Tue Dec 02 2025 13:09:00 GMT+0530 (India Standard Time),35732.05
Tue Dec 02 2025 13:10:00 GMT+0530 (India Standard Time),35225.48333333333
Tue Dec 02 2025 13:11:00 GMT+0530 (India Standard Time),34174.13333333333
Tue Dec 02 2025 13:12:00 GMT+0530 (India Standard Time),35083.566666666666
Tue Dec 02 2025 13:13:00 GMT+0530 (India Standard Time),33867.433333333334
Tue Dec 02 2025 13:14:00 GMT+0530 (India Standard Time),35799.38333333333
Tue Dec 02 2025 13:15:00 GMT+0530 (India Standard Time),34352.9
Tue Dec 02 2025 13:16:00 GMT+0530 (India Standard Time),34416.45
Tue Dec 02 2025 13:17:00 GMT+0530 (India Standard Time),37735.683333333334
Tue Dec 02 2025 13:18:00 GMT+0530 (India Standard Time),36192.61666666667
Tue Dec 02 2025 13:19:00 GMT+0530 (India Standard Time),37036.96666666667
Tue Dec 02 2025 13:20:00 GMT+0530 (India Standard Time),35218.36666666667
Tue Dec 02 2025 13:21:00 GMT+0530 (India Standard Time),39561.7
Tue Dec 02 2025 13:22:00 GMT+0530 (India Standard Time),40491.13333333333
Tue Dec 02 2025 13:23:00 GMT+0530 (India Standard Time),38637.05
Tue Dec 02 2025 13:24:00 GMT+0530 (India Standard Time),37525.433333333334
Tue Dec 02 2025 13:25:00 GMT+0530 (India Standard Time),38044.36666666667
Tue Dec 02 2025 13:26:00 GMT+0530 (India Standard Time),38224.86666666667
Tue Dec 02 2025 13:27:00 GMT+0530 (India Standard Time),41393.13333333333
Tue Dec 02 2025 13:28:00 GMT+0530 (India Standard Time),39356.48333333333
Tue Dec 02 2025 13:29:00 GMT+0530 (India Standard Time),45702.71666666667
Tue Dec 02 2025 13:30:00 GMT+0530 (India Standard Time),41230.13333333333
Tue Dec 02 2025 13:31:00 GMT+0530 (India Standard Time),40731.316666666666
Tue Dec 02 2025 13:32:00 GMT+0530 (India Standard Time),40317.51666666667
Tue Dec 02 2025 13:33:00 GMT+0530 (India Standard Time),38063.5
Tue Dec 02 2025 13:34:00 GMT+0530 (India Standard Time),39622.76666666667
Tue Dec 02 2025 13:35:00 GMT+0530 (India Standard Time),39316.46666666667
Tue Dec 02 2025 13:36:00 GMT+0530 (India Standard Time),41592.8
Tue Dec 02 2025 13:37:00 GMT+0530 (India Standard Time),41584.9
Tue Dec 02 2025 13:38:00 GMT+0530 (India Standard Time),39163.28333333333
Tue Dec 02 2025 13:39:00 GMT+0530 (India Standard Time),42675.6
Tue Dec 02 2025 13:40:00 GMT+0530 (India Standard Time),40496
Tue Dec 02 2025 13:41:00 GMT+0530 (India Standard Time),39249.3
Tue Dec 02 2025 13:42:00 GMT+0530 (India Standard Time),36855.23333333333
Tue Dec 02 2025 13:43:00 GMT+0530 (India Standard Time),40324.11666666667
Tue Dec 02 2025 13:44:00 GMT+0530 (India Standard Time),41692.4
Tue Dec 02 2025 13:45:00 GMT+0530 (India Standard Time),40381.86666666667
Tue Dec 02 2025 13:46:00 GMT+0530 (India Standard Time),40515.36666666667
Tue Dec 02 2025 13:47:00 GMT+0530 (India Standard Time),42919.933333333334
Tue Dec 02 2025 13:48:00 GMT+0530 (India Standard Time),43768.6
Tue Dec 02 2025 13:49:00 GMT+0530 (India Standard Time),43462.51666666667
Tue Dec 02 2025 13:50:00 GMT+0530 (India Standard Time),43149.76666666667
Tue Dec 02 2025 13:51:00 GMT+0530 (India Standard Time),43598.98333333333
Tue Dec 02 2025 13:52:00 GMT+0530 (India Standard Time),61263.53333333333
Tue Dec 02 2025 13:53:00 GMT+0530 (India Standard Time),53878.01666666667
Tue Dec 02 2025 13:54:00 GMT+0530 (India Standard Time),60759.316666666666
Tue Dec 02 2025 13:55:00 GMT+0530 (India Standard Time),36310.28333333333
Tue Dec 02 2025 13:56:00 GMT+0530 (India Standard Time),39066.11666666667
Tue Dec 02 2025 13:57:00 GMT+0530 (India Standard Time),66295.98333333334
Tue Dec 02 2025 13:58:00 GMT+0530 (India Standard Time),37357.916666666664
Tue Dec 02 2025 13:59:00 GMT+0530 (India Standard Time),51922.38333333333
Tue Dec 02 2025 14:00:00 GMT+0530 (India Standard Time),42186.816666666666
Tue Dec 02 2025 14:01:00 GMT+0530 (India Standard Time),47511.3
Tue Dec 02 2025 14:02:00 GMT+0530 (India Standard Time),41276.083333333336
Tue Dec 02 2025 14:03:00 GMT+0530 (India Standard Time),47418.6
Tue Dec 02 2025 14:04:00 GMT+0530 (India Standard Time),37314
Tue Dec 02 2025 14:05:00 GMT+0530 (India Standard Time),35637.316666666666
Tue Dec 02 2025 14:06:00 GMT+0530 (India Standard Time),36601.21666666667
Tue Dec 02 2025 14:07:00 GMT+0530 (India Standard Time),39242.333333333336
Tue Dec 02 2025 14:08:00 GMT+0530 (India Standard Time),36739.65
Tue Dec 02 2025 14:09:00 GMT+0530 (India Standard Time),38976.01666666667
Tue Dec 02 2025 14:10:00 GMT+0530 (India Standard Time),39488.7
Tue Dec 02 2025 14:11:00 GMT+0530 (India Standard Time),42919.75
Tue Dec 02 2025 14:12:00 GMT+0530 (India Standard Time),42176.5
Tue Dec 02 2025 14:13:00 GMT+0530 (India Standard Time),64599.433333333334
Tue Dec 02 2025 14:14:00 GMT+0530 (India Standard Time),114717.8
Tue Dec 02 2025 14:15:00 GMT+0530 (India Standard Time),111239.3
Tue Dec 02 2025 14:16:00 GMT+0530 (India Standard Time),126208.5
Tue Dec 02 2025 14:17:00 GMT+0530 (India Standard Time),191790.4
Tue Dec 02 2025 14:18:00 GMT+0530 (India Standard Time),264894.5833333333
Tue Dec 02 2025 14:19:00 GMT+0530 (India Standard Time),247677.83333333334
Tue Dec 02 2025 14:20:00 GMT+0530 (India Standard Time),238978.45
Tue Dec 02 2025 14:21:00 GMT+0530 (India Standard Time),254349.53333333333
Tue Dec 02 2025 14:22:00 GMT+0530 (India Standard Time),245105.01666666666
Tue Dec 02 2025 14:23:00 GMT+0530 (India Standard Time),249845.43333333332
Tue Dec 02 2025 14:24:00 GMT+0530 (India Standard Time),229418.23333333334
Tue Dec 02 2025 14:25:00 GMT+0530 (India Standard Time),231897.95
Tue Dec 02 2025 14:26:00 GMT+0530 (India Standard Time),276005.45
Tue Dec 02 2025 14:27:00 GMT+0530 (India Standard Time),292037.61666666664
Tue Dec 02 2025 14:28:00 GMT+0530 (India Standard Time),255535
Tue Dec 02 2025 14:29:00 GMT+0530 (India Standard Time),271176.68333333335
Tue Dec 02 2025 14:30:00 GMT+0530 (India Standard Time),273965.65
Tue Dec 02 2025 14:31:00 GMT+0530 (India Standard Time),251755.48333333334
Tue Dec 02 2025 14:32:00 GMT+0530 (India Standard Time),282726.0333333333
Tue Dec 02 2025 14:33:00 GMT+0530 (India Standard Time),280239.38333333336
Tue Dec 02 2025 14:34:00 GMT+0530 (India Standard Time),301720.55
Tue Dec 02 2025 14:35:00 GMT+0530 (India Standard Time),293588.45
Tue Dec 02 2025 14:36:00 GMT+0530 (India Standard Time),280398.7166666667
Tue Dec 02 2025 14:37:00 GMT+0530 (India Standard Time),264950.13333333336
Tue Dec 02 2025 14:38:00 GMT+0530 (India Standard Time),250773.2
Tue Dec 02 2025 14:39:00 GMT+0530 (India Standard Time),285829.81666666665
Tue Dec 02 2025 14:40:00 GMT+0530 (India Standard Time),304770.7
Tue Dec 02 2025 14:41:00 GMT+0530 (India Standard Time),294899.7166666667
Tue Dec 02 2025 14:42:00 GMT+0530 (India Standard Time),285047.7833333333
Tue Dec 02 2025 14:43:00 GMT+0530 (India Standard Time),293157.36666666664
Tue Dec 02 2025 14:44:00 GMT+0530 (India Standard Time),349620.1
Tue Dec 02 2025 14:45:00 GMT+0530 (India Standard Time),264774.3333333333
Tue Dec 02 2025 14:46:00 GMT+0530 (India Standard Time),269080.3333333333
Tue Dec 02 2025 14:47:00 GMT+0530 (India Standard Time),283190.15
Tue Dec 02 2025 14:48:00 GMT+0530 (India Standard Time),257809.3
Tue Dec 02 2025 14:49:00 GMT+0530 (India Standard Time),179686.63333333333
Tue Dec 02 2025 14:50:00 GMT+0530 (India Standard Time),135552.16666666666
Tue Dec 02 2025 14:51:00 GMT+0530 (India Standard Time),81866.66666666667
Tue Dec 02 2025 14:52:00 GMT+0530 (India Standard Time),76456.88333333333
Tue Dec 02 2025 14:53:00 GMT+0530 (India Standard Time),82564.28333333334
Tue Dec 02 2025 14:54:00 GMT+0530 (India Standard Time),82213.23333333334
Tue Dec 02 2025 14:55:00 GMT+0530 (India Standard Time),95361.01666666666
Tue Dec 02 2025 14:56:00 GMT+0530 (India Standard Time),91966.51666666666
Tue Dec 02 2025 14:57:00 GMT+0530 (India Standard Time),46483.35
Tue Dec 02 2025 14:58:00 GMT+0530 (India Standard Time),46081.86666666667
Tue Dec 02 2025 14:59:00 GMT+0530 (India Standard Time),44100.4
Tue Dec 02 2025 15:00:00 GMT+0530 (India Standard Time),40287.46666666667
Tue Dec 02 2025 15:01:00 GMT+0530 (India Standard Time),41674.15
Tue Dec 02 2025 15:02:00 GMT+0530 (India Standard Time),41148.6
Tue Dec 02 2025 15:03:00 GMT+0530 (India Standard Time),42825.816666666666
Tue Dec 02 2025 15:04:00 GMT+0530 (India Standard Time),46117.7
Tue Dec 02 2025 15:05:00 GMT+0530 (India Standard Time),43461.78333333333
Tue Dec 02 2025 15:06:00 GMT+0530 (India Standard Time),44614.583333333336
Tue Dec 02 2025 15:07:00 GMT+0530 (India Standard Time),42596.21666666667
Tue Dec 02 2025 15:08:00 GMT+0530 (India Standard Time),45422.65
Tue Dec 02 2025 15:09:00 GMT+0530 (India Standard Time),44145.11666666667
Tue Dec 02 2025 15:10:00 GMT+0530 (India Standard Time),41240.01666666667
Tue Dec 02 2025 15:11:00 GMT+0530 (India Standard Time),40734.03333333333
Tue Dec 02 2025 15:12:00 GMT+0530 (India Standard Time),40448.3
Tue Dec 02 2025 15:13:00 GMT+0530 (India Standard Time),40032.166666666664
Tue Dec 02 2025 15:14:00 GMT+0530 (India Standard Time),43193.03333333333
Tue Dec 02 2025 15:15:00 GMT+0530 (India Standard Time),40324.46666666667
Tue Dec 02 2025 15:16:00 GMT+0530 (India Standard Time),41616.083333333336
Tue Dec 02 2025 15:17:00 GMT+0530 (India Standard Time),86870.53333333334
Tue Dec 02 2025 15:18:00 GMT+0530 (India Standard Time),135670.86666666667
Tue Dec 02 2025 15:19:00 GMT+0530 (India Standard Time),43858.3
Tue Dec 02 2025 15:20:00 GMT+0530 (India Standard Time),39106.9
Tue Dec 02 2025 15:21:00 GMT+0530 (India Standard Time),40588.9
Tue Dec 02 2025 15:22:00 GMT+0530 (India Standard Time),39299.066666666666
Tue Dec 02 2025 15:23:00 GMT+0530 (India Standard Time),39821.46666666667
Tue Dec 02 2025 15:24:00 GMT+0530 (India Standard Time),43968.61666666667
Tue Dec 02 2025 15:25:00 GMT+0530 (India Standard Time),40637.566666666666
Tue Dec 02 2025 15:26:00 GMT+0530 (India Standard Time),39366.28333333333
Tue Dec 02 2025 15:27:00 GMT+0530 (India Standard Time),40732.38333333333
Tue Dec 02 2025 15:28:00 GMT+0530 (India Standard Time),39851.96666666667
Tue Dec 02 2025 15:29:00 GMT+0530 (India Standard Time),41467.96666666667
Tue Dec 02 2025 15:30:00 GMT+0530 (India Standard Time),40370.4
Tue Dec 02 2025 15:31:00 GMT+0530 (India Standard Time),39341.166666666664
Tue Dec 02 2025 15:32:00 GMT+0530 (India Standard Time),42437.85
Tue Dec 02 2025 15:33:00 GMT+0530 (India Standard Time),38762.933333333334
Tue Dec 02 2025 15:34:00 GMT+0530 (India Standard Time),37817.1
Tue Dec 02 2025 15:35:00 GMT+0530 (India Standard Time),36191.816666666666
Tue Dec 02 2025 15:36:00 GMT+0530 (India Standard Time),68872.25
Tue Dec 02 2025 15:37:00 GMT+0530 (India Standard Time),50714.45
Tue Dec 02 2025 15:38:00 GMT+0530 (India Standard Time),36415.13333333333
Tue Dec 02 2025 15:39:00 GMT+0530 (India Standard Time),37179.05
Tue Dec 02 2025 15:40:00 GMT+0530 (India Standard Time),37076.76666666667
Tue Dec 02 2025 15:41:00 GMT+0530 (India Standard Time),36124.45
Tue Dec 02 2025 15:42:00 GMT+0530 (India Standard Time),35855.683333333334
Tue Dec 02 2025 15:43:00 GMT+0530 (India Standard Time),35061.833333333336
Tue Dec 02 2025 15:44:00 GMT+0530 (India Standard Time),37391.85
Tue Dec 02 2025 15:45:00 GMT+0530 (India Standard Time),38330.6
Tue Dec 02 2025 15:46:00 GMT+0530 (India Standard Time),35945.55
Tue Dec 02 2025 15:47:00 GMT+0530 (India Standard Time),37480.566666666666
Tue Dec 02 2025 15:48:00 GMT+0530 (India Standard Time),35444.35
Tue Dec 02 2025 15:49:00 GMT+0530 (India Standard Time),37374.5
Tue Dec 02 2025 15:50:00 GMT+0530 (India Standard Time),35252.73333333333
Tue Dec 02 2025 15:51:00 GMT+0530 (India Standard Time),36671.28333333333
Tue Dec 02 2025 15:52:00 GMT+0530 (India Standard Time),35515.05
Tue Dec 02 2025 15:53:00 GMT+0530 (India Standard Time),35827.46666666667
Tue Dec 02 2025 15:54:00 GMT+0530 (India Standard Time),36798.916666666664
Tue Dec 02 2025 15:55:00 GMT+0530 (India Standard Time),36550.183333333334
Tue Dec 02 2025 15:56:00 GMT+0530 (India Standard Time),37861.25
Tue Dec 02 2025 15:57:00 GMT+0530 (India Standard Time),36999.55
Tue Dec 02 2025 15:58:00 GMT+0530 (India Standard Time),36024.666666666664
Tue Dec 02 2025 15:59:00 GMT+0530 (India Standard Time),38641.35
Tue Dec 02 2025 16:00:00 GMT+0530 (India Standard Time),38842.01666666667
Tue Dec 02 2025 16:01:00 GMT+0530 (India Standard Time),37858.9
Tue Dec 02 2025 16:02:00 GMT+0530 (India Standard Time),36069.083333333336
Tue Dec 02 2025 16:03:00 GMT+0530 (India Standard Time),35435.71666666667
Tue Dec 02 2025 16:04:00 GMT+0530 (India Standard Time),37077.1
Tue Dec 02 2025 16:05:00 GMT+0530 (India Standard Time),35709.45
Tue Dec 02 2025 16:06:00 GMT+0530 (India Standard Time),37942.05
Tue Dec 02 2025 16:07:00 GMT+0530 (India Standard Time),37007.5
Tue Dec 02 2025 16:08:00 GMT+0530 (India Standard Time),35653.63333333333
Tue Dec 02 2025 16:09:00 GMT+0530 (India Standard Time),36708.46666666667
Tue Dec 02 2025 16:10:00 GMT+0530 (India Standard Time),36476.8
Tue Dec 02 2025 16:11:00 GMT+0530 (India Standard Time),35809.75
Tue Dec 02 2025 16:12:00 GMT+0530 (India Standard Time),35905.583333333336
Tue Dec 02 2025 16:13:00 GMT+0530 (India Standard Time),35404.21666666667
Tue Dec 02 2025 16:14:00 GMT+0530 (India Standard Time),37004.933333333334
Tue Dec 02 2025 16:15:00 GMT+0530 (India Standard Time),35929.933333333334
Tue Dec 02 2025 16:16:00 GMT+0530 (India Standard Time),35930.73333333333
Tue Dec 02 2025 16:17:00 GMT+0530 (India Standard Time),38458.4
Tue Dec 02 2025 16:18:00 GMT+0530 (India Standard Time),35419.1
Tue Dec 02 2025 16:19:00 GMT+0530 (India Standard Time),37474.666666666664
Tue Dec 02 2025 16:20:00 GMT+0530 (India Standard Time),35253.71666666667
Tue Dec 02 2025 16:21:00 GMT+0530 (India Standard Time),36305.35
Tue Dec 02 2025 16:22:00 GMT+0530 (India Standard Time),35644.683333333334
Tue Dec 02 2025 16:23:00 GMT+0530 (India Standard Time),35974.566666666666
Tue Dec 02 2025 16:24:00 GMT+0530 (India Standard Time),37457.5
Tue Dec 02 2025 16:25:00 GMT+0530 (India Standard Time),36720.683333333334
Tue Dec 02 2025 16:26:00 GMT+0530 (India Standard Time),36179
Tue Dec 02 2025 16:27:00 GMT+0530 (India Standard Time),38471.26666666667
Tue Dec 02 2025 16:28:00 GMT+0530 (India Standard Time),35331.6
Tue Dec 02 2025 16:29:00 GMT+0530 (India Standard Time),37075.416666666664
Tue Dec 02 2025 16:30:00 GMT+0530 (India Standard Time),36078.45
Tue Dec 02 2025 16:31:00 GMT+0530 (India Standard Time),35429.583333333336
Tue Dec 02 2025 16:32:00 GMT+0530 (India Standard Time),36536.8
Tue Dec 02 2025 16:33:00 GMT+0530 (India Standard Time),35436.25
Tue Dec 02 2025 16:34:00 GMT+0530 (India Standard Time),37583.816666666666
Tue Dec 02 2025 16:35:00 GMT+0530 (India Standard Time),35411.666666666664
Tue Dec 02 2025 16:36:00 GMT+0530 (India Standard Time),37156.28333333333
Tue Dec 02 2025 16:37:00 GMT+0530 (India Standard Time),36570.9
Tue Dec 02 2025 16:38:00 GMT+0530 (India Standard Time),36946.433333333334
Tue Dec 02 2025 16:39:00 GMT+0530 (India Standard Time),36945.9
Tue Dec 02 2025 16:40:00 GMT+0530 (India Standard Time),36575.816666666666
Tue Dec 02 2025 16:41:00 GMT+0530 (India Standard Time),35663.85
Tue Dec 02 2025 16:42:00 GMT+0530 (India Standard Time),35647.65
Tue Dec 02 2025 16:43:00 GMT+0530 (India Standard Time),35857.76666666667
Tue Dec 02 2025 16:44:00 GMT+0530 (India Standard Time),36962.78333333333
Tue Dec 02 2025 16:45:00 GMT+0530 (India Standard Time),35849.95
Tue Dec 02 2025 16:46:00 GMT+0530 (India Standard Time),35526.15
Tue Dec 02 2025 16:47:00 GMT+0530 (India Standard Time),39692.96666666667
Tue Dec 02 2025 16:48:00 GMT+0530 (India Standard Time),81144.81666666667
Tue Dec 02 2025 16:49:00 GMT+0530 (India Standard Time),37424.416666666664
Tue Dec 02 2025 16:50:00 GMT+0530 (India Standard Time),35284.95
Tue Dec 02 2025 16:51:00 GMT+0530 (India Standard Time),35568.4
Tue Dec 02 2025 16:52:00 GMT+0530 (India Standard Time),36954.166666666664
Tue Dec 02 2025 16:53:00 GMT+0530 (India Standard Time),35581.46666666667
Tue Dec 02 2025 16:54:00 GMT+0530 (India Standard Time),36872.066666666666
Tue Dec 02 2025 16:55:00 GMT+0530 (India Standard Time),41881.9
Tue Dec 02 2025 16:56:00 GMT+0530 (India Standard Time),58664.73333333333
Tue Dec 02 2025 16:57:00 GMT+0530 (India Standard Time),61055.583333333336
Tue Dec 02 2025 16:58:00 GMT+0530 (India Standard Time),38779.183333333334
Tue Dec 02 2025 16:59:00 GMT+0530 (India Standard Time),37683.36666666667
Tue Dec 02 2025 17:00:00 GMT+0530 (India Standard Time),35551.183333333334
Tue Dec 02 2025 17:01:00 GMT+0530 (India Standard Time),36244.083333333336
Tue Dec 02 2025 17:02:00 GMT+0530 (India Standard Time),35650.95
Tue Dec 02 2025 17:03:00 GMT+0530 (India Standard Time),35812.416666666664
Tue Dec 02 2025 17:04:00 GMT+0530 (India Standard Time),36974.13333333333
Tue Dec 02 2025 17:05:00 GMT+0530 (India Standard Time),35759.666666666664
Tue Dec 02 2025 17:06:00 GMT+0530 (India Standard Time),35693.8
Tue Dec 02 2025 17:07:00 GMT+0530 (India Standard Time),37662.316666666666
Tue Dec 02 2025 17:08:00 GMT+0530 (India Standard Time),35307.433333333334
Tue Dec 02 2025 17:09:00 GMT+0530 (India Standard Time),38560.88333333333
Tue Dec 02 2025 17:10:00 GMT+0530 (India Standard Time),36909.166666666664
Tue Dec 02 2025 17:11:00 GMT+0530 (India Standard Time),35740.63333333333
Tue Dec 02 2025 17:12:00 GMT+0530 (India Standard Time),35869.9
Tue Dec 02 2025 17:13:00 GMT+0530 (India Standard Time),35756.066666666666
Tue Dec 02 2025 17:14:00 GMT+0530 (India Standard Time),37097.416666666664
Tue Dec 02 2025 17:15:00 GMT+0530 (India Standard Time),36453.28333333333
Tue Dec 02 2025 17:16:00 GMT+0530 (India Standard Time),35611.666666666664
Tue Dec 02 2025 17:17:00 GMT+0530 (India Standard Time),37595
Tue Dec 02 2025 17:18:00 GMT+0530 (India Standard Time),53560.05
Tue Dec 02 2025 17:19:00 GMT+0530 (India Standard Time),37331.21666666667
Tue Dec 02 2025 17:20:00 GMT+0530 (India Standard Time),57452.61666666667
Tue Dec 02 2025 17:21:00 GMT+0530 (India Standard Time),35579.4
Tue Dec 02 2025 17:22:00 GMT+0530 (India Standard Time),36473.4
Tue Dec 02 2025 17:23:00 GMT+0530 (India Standard Time),35577.316666666666
Tue Dec 02 2025 17:24:00 GMT+0530 (India Standard Time),37165.05
Tue Dec 02 2025 17:25:00 GMT+0530 (India Standard Time),36677.48333333333
Tue Dec 02 2025 17:26:00 GMT+0530 (India Standard Time),36308.933333333334
Tue Dec 02 2025 17:27:00 GMT+0530 (India Standard Time),37274.73333333333
Tue Dec 02 2025 17:28:00 GMT+0530 (India Standard Time),35926.75
Tue Dec 02 2025 17:29:00 GMT+0530 (India Standard Time),36867.816666666666
Tue Dec 02 2025 17:30:00 GMT+0530 (India Standard Time),37758.15
Tue Dec 02 2025 17:31:00 GMT+0530 (India Standard Time),35644.03333333333
Tue Dec 02 2025 17:32:00 GMT+0530 (India Standard Time),36509.3
Tue Dec 02 2025 17:33:00 GMT+0530 (India Standard Time),35581.78333333333
Tue Dec 02 2025 17:34:00 GMT+0530 (India Standard Time),37390.433333333334
Tue Dec 02 2025 17:35:00 GMT+0530 (India Standard Time),35887.566666666666
Tue Dec 02 2025 17:36:00 GMT+0530 (India Standard Time),36341.65